名前,読み方,カードの種類,カードテキスト,属性,種族,モンスターの特徴,レベル,攻撃力,守備力,レアリティ
青眼の白龍,ブルーアイズ・ホワイト・ドラゴン,モンスター,高い攻撃力を誇る伝説のドラゴン。どんな相手でも粉砕する、その破壊力は計り知れない。,光属性,ドラゴン族,,8,3000,2500,UR
ホーリー・エルフ,ホーリー・エルフ,モンスター,かよわいエルフだが、聖なる力で身を守りとても守備が高い。,光属性,魔法使い族,,4,800,2000,N
サイクロプス,サイクロプス,モンスター,一つ目の巨人。太い腕で殴りかかってくる。要注意。,地属性,獣戦士族,,4,1200,1000,N
ベビードラゴン,ベビードラゴン,モンスター,こどもドラゴンとあなどってはいけない。うちに秘める力は計り知れない。,風属性,ドラゴン族,,3,1200,700,N
ガーゴイル,ガーゴイル,モンスター,石像と思わせ、闇の中から攻撃をする。逃げ足も素早い。,闇属性,悪魔族,,3,1000,500,N
グレムリン,グレムリン,モンスター,いたずら好きの小さな悪魔。暗闇から襲ってくる。気をつけろ!,闇属性,悪魔族,,4,1300,1400,N
砦を守る翼竜,とりでをまもるよくりゅう,モンスター,山の砦を守る竜。天空から急降下して敵を攻撃。,風属性,ドラゴン族,,4,1400,1200,N
きのこマン,きのこマン,モンスター,ジメジメした所で力を発揮!かさから菌糸を振りまき攻撃!,地属性,植物族,,2,800,600,N
ヘルバウンド,ヘルバウンド,モンスター,荒野に現れるけものの亡霊。数が集まるとやっかいなカード。,闇属性,アンデット族,,1,500,200,N
暗黒の竜王,あんこくのドラゴン,モンスター,暗闇の奥深くに生息するドラゴン。目はあまり良くない。,闇属性,ドラゴン族,,4,1500,800,N
剣竜,ソード・ドラゴン,モンスター,全身にカタナのトゲがついた恐竜。突進攻撃をする。,地属性,恐竜族,,6,1750,2030,N
バーバリアン２号,バーバリアン２ごう,モンスター,①:自分フィールドの「バーバリアン１号」1体につき、このカードの攻撃力は500アップする。,地属性,戦士族,,5,1800,1500,N
タイホーン,タイホーン,モンスター,口から砲弾を撃ちだし遠くを攻撃。山での砲撃は強い。,風属性,鳥獣族,,4,1200,1400,N
牛魔人,ぎゅうまじん,モンスター,森に住む牛の魔人。ツノを突き出し突進して攻撃。,地属性,獣戦士族,,5,1800,1300,N
炎の剣士,ほのおのけんし,融合,「炎を操る者」＋「伝説の剣豪 MASAKI」,炎属性,戦士族,,5,1800,1600,R
時の魔術師,ときのまじゅつし,モンスター,①:1ターンに1度、自分メインフェイズに発動できる。コイントスを1回行い、裏表を当てる。当たった場合、相手フィールドのモンスターを全て破壊する。ハズレの場合、自分フィールドのモンスターを全て破壊し、自分は表側表示で破壊されたモンスターの攻撃力を合計した数値の半分のダメージを受ける。,光属性,魔法使い族,,2,500,400,R
封印されし者の右足,ふういんされしもののみぎあし,モンスター,封印された右足。封印を解くと、無限の力を得られる。,闇属性,魔法使い族,,1,200,300,N
封印されし者の左足,ふういんされしもののひだりあし,モンスター,封印された左足。封印を解くと、無限の力を得られる。,闇属性,魔法使い族,,1,200,300,N
封印されし者の右腕,ふういんされしもののみぎうで,モンスター,封印された右腕。封印を解くと、無限の力を得られる。,闇属性,魔法使い族,,1,200,300,N
封印されし者の左腕,ふういんされしもののひだりうで,モンスター,封印された左腕。封印を解くと、無限の力を得られる。,闇属性,魔法使い族,,1,200,300,N
封印されしエクゾディア,ふういんされしエクゾディア,モンスター,このカードと「封印されし者の右腕」「封印されし者の左腕」「封印されし者の右足」「封印されし者の左足」が手札に全て揃った時、自分はデュエルに勝利する。,闇属性,魔法使い族,,3,1000,1000,SR
デーモンの召喚,デーモンのしょうかん,モンスター,闇の力を使い、人の心を惑わすデーモン。悪魔族ではかなり強力な力を誇る。,闇属性,悪魔族,,6,2500,1200,SR
邪悪なるワーム・ビースト,じゃあくなるワーム・ビースト,モンスター,①:自分エンドフェイズに発動する。フィールドの表側表示のこのカードを持ち主の手札に戻す。,地属性,獣族,,3,1400,700,N
ワイト,ワイト,モンスター,どこにでも出てくるガイコツのおばけ。攻撃は弱いが集まると大変。,闇属性,アンデット族,,1,300,200,N
インプ,インプ,モンスター,闇に住む小さなオニ。攻撃は意外に強い。ツノには注意。,闇属性,悪魔族,,4,1300,1000,N
ミノタウルス,ミノタウルス,モンスター,すごい力を持つウシの怪物。オノひと振りで何でもなぎ倒す。,地属性,獣戦士族,,4,1700,1000,N
ルイーズ,ルイーズ,モンスター,体は小さいが、草原での守備力はかなり強い。,地属性,獣戦士族,,4,1200,1500,N
岩窟魔人オーガ・ロック,がんくつまじんオーガ・ロック,モンスター,体が岩のため守備は高い。太い腕のひと振りに注意。,地属性,岩石族,,3,800,1200,N
マウンテン・ウォーリアー,マウンテン・ウォーリアー,モンスター,足場の悪い所でもガンガン動きまわる頑丈な戦士。,地属性,獣戦士族,,3,600,1000,N
アンデット・ウォーリアー,アンデット・ウォーリアー,融合,「ワイト」＋「格闘戦士アルティメーター」,闇属性,アンデット族,,3,1200,900,N
デビル・ドラゴン,デビル・ドラゴン,モンスター,凶悪なドラゴン。邪悪な炎をはき、心を邪悪にする。,闇属性,ドラゴン族,,4,1500,1200,N
二頭を持つキング・レックス,にとうをもつキング・レックス,モンスター,恐竜族の中では強力なカード。2つの頭で同時攻撃。,地属性,恐竜族,,4,1600,1200,N
ジャッジ・マン,ジャッジ・マン,モンスター,勝ち負けのない勝負が嫌いな戦士。こん棒の攻撃は強いぞ!,地属性,戦士族,,6,2200,1500,R
闇・道化師のサギー,やみ・どうけしのサギー,モンスター,どこからともなく現れる道化師。不思議な動きで攻撃をかわす。,闇属性,魔法使い族,,3,600,1500,N
ブラック・マジシャン,ブラック・マジシャン,モンスター,魔法使いとしては、攻撃力・守備力ともに最高クラス。,闇属性,魔法使い族,,7,2500,2100,UR
メデューサの亡霊,メデューサのぼうれい,モンスター,毒ヘビの頭を持つモンスター。目をあわせると、石にされてしまう。,闇属性,アンデット族,,4,1500,1200,N
竜騎士ガイア,りゅうきしガイア,融合,「暗黒騎士ガイア」＋「カース・オブ・ドラゴン」,風属性,ドラゴン族,,7,2600,2100,N
暗黒騎士ガイア,あんこくきしガイア,モンスター,風よりも速く走る馬に乗った騎士。突進攻撃に注意。,地属性,戦士族,,7,2300,2100,N
カース・オブ・ドラゴン,カース・オブ・ドラゴン,モンスター,邪悪なドラゴン。闇の力を使った攻撃は強力だ。,闇属性,ドラゴン族,,5,2000,1500,N
壺魔人,つぼまじん,モンスター,リバース:フィールド上に表側表示で存在する「ドラゴン族・封印の壺」を破壊する。破壊した場合、フィールド上に表側表示で存在するドラゴン族モンスターは全て攻撃表示になる。,炎属性,炎族,リバース,3,200,1800,N
エルフの剣士,エルフのけんし,モンスター,剣術を学んだエルフ。素早い攻撃で敵を翻弄する。,地属性,戦士族,,4,1400,1200,R
幻想師・ノー・フェイス,イリュージョニスト・ノー・フェイス,モンスター,幻影を見せ、ひらりと攻撃をかわす。,闇属性,魔法使い族,,5,1200,2200,N
カルボナーラ戦士,カルボナーラせんし,融合,「マグネッツ１号」＋「マグネッツ２号」,地属性,戦士族,,4,1500,1200,N
ホーリー・ドール,ホーリー・ドール,モンスター,聖なる力を操る人形。闇での攻撃は強力だ。,光属性,魔法使い族,,4,1600,1000,N
エレキッズ,エレキッズ,モンスター,雷攻撃は意外と強い。甘く見ると感電するぞ。,光属性,雷族,,3,1000,500,N
グリフォール,グリフォール,モンスター,かたい体で守ることが得意。半端な攻撃は、はじき返す。,地属性,獣族,,4,1200,1500,N
サイガー,サイガー,モンスター,守備は見た目ほど高くないが、ツノによる攻撃は強力だ。,地属性,獣族,,3,1200,600,N
クリッター,クリッター,モンスター,このカード名の効果は1ターンに1度しか使用できない。①:このカードがフィールドから墓地へ送られた場合に発動する。デッキから攻撃力1500以下のモンスター1体を手札に加える。このターン、自分はこの効果で手札に加えたカード及びその同名カードの効果を発動できない。,闇属性,悪魔族,,3,1000,600,R
ビック・アント,ビック・アント,モンスター,密林に住む巨大アリ。攻撃・守備ともに意外と強い。,地属性,昆虫族,,4,1200,1500,N
昆虫人間,ベーシック・インセクト,モンスター,群をなして暮らす昆虫。森の中は彼らの楽園だ。,地属性,昆虫族,,2,500,700,N
鎧蜥蜴,アーマー・リザード,モンスター,かたい体のトカゲ。大きな口で噛みつかれたら、ひとたまりもないぞ。,地属性,爬虫類族,,4,1500,1200,N
ヘラクレス・ビートル,ヘラクレス・ビートル,モンスター,巨大カブトムシ。つの攻撃とかたい体の守りは強力。,地属性,昆虫族,,5,1500,2000,N
キラー・ビー,キラー・ビー,モンスター,大きなハチ。意外に強い攻撃をする。群で襲われると大変。,風属性,昆虫族,,4,1200,1000,N
ゴキボール,ゴキボール,モンスター,丸いゴキブリ。ゴロゴロ転がって攻撃。守備が意外と高いぞ。,地属性,昆虫族,,4,1200,1400,R
吸血ノミ,きゅうけつノミ,モンスター,血を吸う巨大ノミ。攻撃はかなり強い。ノミとあなどると危険。,地属性,昆虫族,,4,1500,1200,N
ラーバモス,ラーバモス,モンスター,このカードは通常召喚できない。「進化の繭」が装備され、自分のターンで数えて2ターン以上が経過した「プチモス」1体をリリースした場合に特殊召喚する事ができる。,地属性,昆虫族,特殊召喚,2,500,400,N
グレート・モス,グレート・モス,モンスター,このカードは通常召喚できない。「進化の繭」が装備され、自分のターンで数えて4ターン以上が経過した「プチモス」1体をリリースした場合に特殊召喚する事ができる。,地属性,昆虫族,特殊召喚,8,2600,2500,R
クリボー,クリボー,モンスター,①:相手モンスターの攻撃で自分が戦闘ダメージを受けるダメージ計算時に、このカードを手札から捨てて発動できる。その戦闘で発生する自分への戦闘ダメージを0にする。,闇属性,悪魔族,,1,300,200,R
マンモスの墓場,マンモスのはかば,モンスター,仲間のお墓を守るマンモス。墓荒らしを容赦なく攻撃。,地属性,恐竜族,,3,1200,800,N
グレート・ホワイト,グレート・ホワイト,モンスター,巨大な白いサメ。大きな口で噛みつかれたら逃れられない。,水属性,魚族,,4,1600,800,N
オオカミ,オオカミ,モンスター,今ではあまり見かけないオオカミ。よくきく鼻で獲物をさがす。,地属性,獣族,,3,1200,800,N
ハーピィ・レディ,ハーピィ・レディ,モンスター,人に羽のはえたけもの。美しく華麗に舞い、鋭く攻撃する。,風属性,鳥獣族,,4,1300,1400,N
ハーピィ・レディ三姉妹,ハーピィ・レディさんしまい,モンスター,このカードは通常召喚できない。「万華鏡－華麗なる分身－」の効果で特殊召喚できる。,風属性,鳥獣族,特殊召喚,6,1950,2100,N
タイガー・アックス,タイガー・アックス,モンスター,オノを手にした獣戦士。素早い動きからくり出す攻撃は強い。,地属性,獣戦士族,,4,1300,1100,N
シルバー・フォング,シルバー・フォング,モンスター,白銀に輝くオオカミ。見た目は美しいが、性格は凶暴。,地属性,獣族,,3,1200,800,N
魔物の狩人,まもののかりうど,モンスター,人を狩る凶悪な狩人。岩をも砕く強い力を持つ。,地属性,戦士族,,4,1500,1200,N
究極完全態・グレート・モス,きゅうきょくかんぜんたい・グレート・モス,モンスター,このカードは通常召喚できない。「進化の繭」を装備した状態で、自分ターンで数えて6ターン以上が経過した自分フィールドの「プチモス」1体をリリースした場合に特殊召喚できる。,地属性,昆虫族,特殊召喚,8,3500,3000,SR
ガルーザス,ガルーザス,モンスター,竜の頭を持つ獣戦士。オノの攻撃はかなり強力。,炎属性,獣戦士族,,5,1800,1500,N
千年竜,サウザンド・ドラゴン,融合,「時の魔術師」＋「ベビードラゴン」,風属性,ドラゴン族,,7,2400,2000,R
デビル・クラーケン,デビル・クラーケン,モンスター,海に潜む巨大イカ。海中から突然あらわれ攻撃をする。,水属性,水族,,4,1200,1400,N
海月－ジェリーフィッシュ－,くらげ－ジェリーフィッシュ－,モンスター,海を漂うクラゲ。半透明の身体で姿を確認しにくい。,水属性,水族,,4,1200,1500,N
進化の繭,しんかのまゆ,モンスター,このカードは手札から装備カード扱いとしてフィールド上に表側表示で存在する「プチモス」に装備する事ができる。この効果によってこのカードを装備した「プチモス」の攻撃力・守備力は「進化の繭」の数値を適用する。,地属性,昆虫族,,3,0,2000,R
海竜神,リバイアサン,モンスター,海の主と呼ばれる海のドラゴン。津波をおこして全てを飲み込む。,水属性,海竜族,,5,1800,1500,N
岩石の巨兵,がんせきのきょへい,モンスター,岩石の巨人兵。太い腕の攻撃は大地をゆるがす。,地属性,岩石族,,3,1300,2000,N
人喰い植物,ひとくいしょくぶつ,モンスター,きれいな花と思わせ、近づく人をパクリと食べる、肉食の花。,地属性,植物族,,2,800,600,N
クロコダイラス,クロコダイラス,モンスター,知恵を持ちさらに狂暴化したワニ。かたいうろこで攻撃をはじく。,水属性,爬虫類族,,4,1100,1200,N
グラップラー,グラップラー,モンスター,ずるがしこいヘビ。太くて長い身体で締め付ける攻撃に注意!,水属性,爬虫類族,,4,1300,1200,N
アックス・レイダー,アックス・レイダー,モンスター,オノを持つ戦士。片手でオノを振り回す攻撃はかなり強い。,地属性,戦士族,,4,1700,1150,R
メガザウラー,メガザウラー,モンスター,全身にツノの生えた恐竜。突撃攻撃は強烈だ!,地属性,恐竜族,,6,1800,2000,N
ワイルド・ラプター,ワイルド・ラプター,モンスター,走ることが得意な恐竜。鋭いかぎづめで攻撃する。,地属性,恐竜族,,4,1500,800,N
屍を貪る竜,しかばねをむさぼるりゅう,モンスター,何でも噛み砕く口を持つ恐竜。その攻撃は強い。,地属性,恐竜族,,4,1600,1200,N
真紅眼の黒竜,レッドアイズ・ブラックドラゴン,モンスター,真紅の眼を持つ黒竜。怒りの黒き炎はその眼に映る者全てを焼き尽くす。,闇属性,ドラゴン族,,7,2400,2000,UR
闇晦ましの城,やみくらましのしろ,モンスター,リバース:フィールド上に表側表示で存在する全てのアンデット族モンスターの攻撃力と守備力は200ポイントアップする。また、このカードがフィールド上に表側表示で存在する限り、自分のスタンバイフェイズ毎にさらに200ポイントずつアップする。この効果は自分の4回目のスタンバイフェイズまで続く。,闇属性,悪魔族,リバース,4,920,1930,N
カードを狩る死神,カードをかるしにがみ,モンスター,リバース:フィールド上に存在する罠カード1枚を選択して破壊する。選択したカードがセットされている場合、そのカードをめくって確認し、罠カードなら破壊する。魔法カードの場合は元に戻す。,闇属性,悪魔族,リバース,5,1380,1930,N
闇魔界の覇王,やみまかいのはおう,モンスター,強大な闇の力を使い、まわりのものを全て破壊する。,闇属性,悪魔族,,5,2000,1530,N
バロックス,バロックス,融合,キラーパンダ＋ガーゴイル,闇属性,悪魔族,,5,1380,1530,N
ダーク・キメラ,ダーク・キメラ,モンスター,魔界に生息するモンスター。闇の炎をはき攻撃する。,闇属性,悪魔族,,5,1610,1460,N
メタル・ガーディアン,メタル・ガーディアン,モンスター,魔界の宝を守護する悪魔。暗闇での守備は相当かたい。,闇属性,悪魔族,,5,1150,2150,N
カタパルト・タートル,カタパルト・タートル,モンスター,1ターンに1度、自分フィールド上のモンスター1体をリリースして発動できる。リリースしたモンスターの攻撃力の半分のダメージを相手ライフに与える。,水属性,水族,,5,1000,2000,R
逆転の女神,ぎゃくてんのめがみ,モンスター,聖なる力で弱き者を守り、逆転の力を与える女神。,光属性,天使族,,6,1800,2000,N
ケンタウロス,ケンタウロス,モンスター,人とウマがひとつになった化け物。走るのが速く、誰も追いつけない。,地属性,獣族,,4,1300,1550,N
ミノケンタウロス,ミノケンタウロス,融合,「ミノタウルス」＋「ケンタウロス」,地属性,獣戦士族,,6,2000,1700,N
鎧武者斬鬼,よろいむしゃザンキ,モンスター,一騎打ちを好む。一瞬のスキをついて、居合い抜きで攻撃!,地属性,戦士族,,5,1500,1700,N
地を這うドラゴン,ちをはうドラゴン,モンスター,力が弱り、空を飛べなくなったドラゴン。しかしまだ攻撃は強い。,地属性,ドラゴン族,,5,1600,1400,N
マーダーサーカス,マーダーサーカス,モンスター,フィールド上に守備表示で存在するこのカードが表側攻撃表示になった時、相手フィールド上に存在するモンスター1体を選択して持ち主の手札に戻す。,闇属性,悪魔族,,4,1350,1400,N
鎧武者ゾンビ,よろいむしゃゾンビ,モンスター,怨念により蘇った武者。闇雲にふりまわすカタナに注意。,闇属性,アンデット族,,3,1500,0,N
ドラゴン・ゾンビ,ドラゴン・ゾンビ,モンスター,魔力により蘇ったドラゴン。はく息は触れるものを腐食させる。,闇属性,アンデット族,,3,1600,0,N
マーダーサーカス・ゾンビ,マーダーサーカス・ゾンビ,モンスター,闇の力で生き返ったピエロ。フラフラとした踊りで死へといざなう。,闇属性,アンデット族,,2,1350,0,N
ゴースト王－パンプキング－,ゴーストおう－パンプキング－,モンスター,「闇晦ましの城」がフィールド上に表側表示で存在する限り、このカードの攻撃力と守備力は100ポイントアップする。また、自分のスタンバイフェイズ毎にさらに100ポイントずつアップする。この効果は自分の4回目のスタンバイフェイズまで続く。,闇属性,アンデット族,,6,1800,2000,N
格闘戦士アルティメーター,かくとうせんしアルティメーター,モンスター,武器をいっさい使わず、素手で戦いぬく格闘戦士。,地属性,戦士族,,3,700,1000,N
邪炎の翼,じゃえんのつばさ,モンスター,赤黒く燃える翼。全身から炎を吹き出し攻撃する。,炎属性,炎族,,2,700,600,N
闇の仮面,やみのかめん,モンスター,①:このカードがリバースした場合、自分の墓地の罠カード1枚を対象として発動する。そのカードを手札に加える。,闇属性,悪魔族,リバース,2,900,400,R
転職の魔鏡,てんしょくのまきょう,モンスター,悪魔の鏡。攻撃を受けても割れずに、ダメージを防いでくれる。,闇属性,悪魔族,,3,800,1300,N
黒魔族のカーテン,くろまぞくのカーテン,モンスター,魔術師がつくりだしたカーテン。魔法使いの力が上がるという。,闇属性,魔法使い族,,2,600,500,N
トモザウルス,トモザウルス,モンスター,小さいが性格は凶暴。仲間同士で争いだす。,地属性,恐竜族,,2,500,400,N
風の精霊,かぜのせいれい,モンスター,気ままに飛び回る風の精霊。機嫌が悪いと嵐になる。,風属性,魔法使い族,,5,1700,1400,N
シャドウ・ファイター,シャドウ・ファイター,モンスター,実体と影に分かれて襲ってくる。油断すると挟まれるぞ。,闇属性,戦士族,,2,800,600,N
手招きする墓場,てまねきするはかば,モンスター,死者にさらなる力をあたえ、生ける者を死へとさそう墓場。,闇属性,アンデット族,,3,700,900,N
心眼の女神,しんがんのめがみ,モンスター,このカードを融合素材モンスター1体の代わりにする事ができる。その際、他の融合素材モンスターは正規のものでなければならない。,光属性,天使族,,4,1200,1000,R
東方の英雄,とうほうのえいゆう,モンスター,遥か東の国から来たと言われているサムライ。手にするカタナは良く切れる。,地属性,戦士族,,3,1100,1000,N
死の沈黙の天使 ドマ,しのちんもくのてんし　ドマ,モンスター,死を司る天使。こいつに睨まれたら、死から逃れられない。,闇属性,天使族,,5,1600,1400,N
命を食する者,いのちをしょくするもの,モンスター,あらゆる生き物の魂を喰い、己のエネルギーとする悪魔。,闇属性,悪魔族,,4,1200,1000,N
ダーク・グレイ,ダーク・グレイ,モンスター,からだが灰色のけもの。あまり見かけない貴重ないきもの。,地属性,獣族,,3,800,900,N
白い泥棒,ホワイト・シーフ,モンスター,このカードが相手ライフに戦闘ダメージを与えた時、相手の手札をランダムに1枚捨てる。,光属性,魔法使い族,,3,1000,700,N
カオス・ウィザード,カオス・ウィザード,融合,「ホーリー・エルフ」＋「黒魔族のカーテン」,闇属性,魔法使い族,,4,1300,1100,N
ナイトメア・スコーピオン,ナイトメア・スコーピオン,モンスター,悪夢を見せ、うなされている間に四本もある毒のしっぽを刺す。,地属性,昆虫族,,3,900,800,N
本の精霊 ホーク・ビショップ,ほんのせいれい　ホーク・ビショップ,モンスター,本の精霊。とても高い知恵を持ち、多彩な攻撃をしかけてくる。,風属性,鳥獣族,,4,1400,1200,N
物陰の協力者,ものかげのきょうりょくしゃ,モンスター,物陰からこっそりと協力してくれる、かわいらしい小人。,地属性,戦士族,,3,1000,1000,N
地獄の裁判,じごくのさいばん,モンスター,敵を棺桶に閉じこめ、地獄の使いがグサリと判決を下す。,闇属性,悪魔族,,4,1300,900,N
ドリーム・ピエロ,ドリーム・ピエロ,モンスター,フィールド上に攻撃表示で存在するこのカードが表側守備表示になった時、相手フィールド上に存在するモンスター1体を選択して破壊する。,地属性,戦士族,,3,1200,900,N
眠れる獅子,ねむれるシシ,モンスター,普段眠っている猛獣。目をさますと手がつけられない。,地属性,獣族,,4,700,1700,N
ヤマタノ竜絵巻,ヤマタノドラゴンえまき,モンスター,絵巻のドラゴンが実体化して攻撃する。守備はかなり低い。,風属性,ドラゴン族,,2,900,300,N
ダーク・プラント,ダーク・プラント,モンスター,汚染された土と闇の力で育てられた花。とても凶暴。,闇属性,植物族,,1,300,400,N
アイアン・ハート,アイアン・ハート,モンスター,古代文明の遺跡で見つかった、破壊だけを目的とした機械。,闇属性,機械族,,5,1700,1400,N
セイント・バード,セイント・バード,モンスター,非常に尾の長い鳥。全身から聖なる光を発する。,風属性,鳥獣族,,4,1500,1100,N
戦いの神 オリオン,たたかいのかみ　オリオン,モンスター,戦いの神と言われている天使。その戦いを見た者は誰もいない。,光属性,天使族,,5,1800,1500,N
アサシン,アサシン,モンスター,闇の中を音もたてず相手に忍び寄る、暗殺専門の戦士。,地属性,戦士族,,5,1700,1200,N
ラムーン,ラムーン,モンスター,月に住む魔法使い。月の持つ魔力で相手を魅了する。,光属性,魔法使い族,,5,1200,1700,N
眠り子,ねむりこ,モンスター,子供だが睡魔をあやつり二度と覚めることのない眠りを誘う。,闇属性,魔法使い族,,3,800,700,N
ウェザー・コントロール,ウェザー・コントロール,モンスター,天気を自由にあやつれる。山の天気が変わりやすいのはコイツのせい。,光属性,天使族,,2,600,400,N
１３人目の埋葬者,１３にんめのまいそうしゃ,モンスター,誰もいないはずの13番目の墓から突然現れたゾンビ。,闇属性,アンデット族,,3,1200,900,N
炎の騎士 キラー,ほのおのきし　キラー,融合,「モンスター・エッグ」＋「スティング」,炎属性,炎族,,3,1100,800,N
聖なる鎖,せいなるくさり,モンスター,聖なる力で、動きを封じることができると言われている鎖。,光属性,天使族,,2,700,700,N
死者の腕,ししゃのうで,モンスター,混沌の沼から腕をのばし、生ける者を中へと引きずり込む。,闇属性,アンデット族,,2,600,600,N
魔人デスサタン,まじんデスサタン,モンスター,闇にとけ込む黒のタキシードに身をつつんだ、死を司る悪魔。,闇属性,悪魔族,,4,1400,1300,N
なぞの手,なぞのて,モンスター,空間をゆがませ、次元のはざまから腕をのばし攻撃をしかける。,闇属性,悪魔族,,2,500,500,N
竜魂の石像,ドラゴン・ソウル・スタチュー,モンスター,ドラゴンの魂を持つ石像の戦士。自慢の剣で、敵を切り裂く。,地属性,戦士族,,3,1100,900,N
青眼の銀ゾンビ,ブルーアイド・シルバーゾンビ,モンスター,目から出す怪光線で、相手をゾンビに変えてしまうと言われている。,闇属性,アンデット族,,3,900,700,N
トードマスター,トードマスター,モンスター,何千年も生きているカエルの仙人。おたまじゃくしで攻撃。,水属性,水族,,3,1000,1000,N
デビルツムリ,デビルツムリ,モンスター,闇の力で進化したカタツムリ。手や足があり、速く動ける。,闇属性,昆虫族,,3,700,1300,N
炎を操る者,ほのおをあやつるもの,モンスター,炎の海や炎の壁を自在につくり出し攻撃する。,炎属性,魔法使い族,,3,900,1000,N
時の魔人 ネクロランサ,ときのまじん　ネクロランサ,モンスター,好きな所へ行けるという時空リングから出てくる、一つ目の魔人。,闇属性,魔法使い族,,3,800,900,N
風の番人 ジン,かぜのばんにん　ジン,モンスター,風をあやつり、竜巻や突風を起こし周囲のものを吹き飛ばす。,風属性,魔法使い族,,3,700,900,N
魅惑の怪盗,みわくのかいとう,モンスター,黒いマントをはおるキザな怪盗。杖を振って、相手を魅了する。,闇属性,魔法使い族,,2,700,700,N
髑髏の寺院,ドクロのじいん,モンスター,ドクロと骨ばかりの、気味の悪いお寺。近づく者を吸い込む。,闇属性,アンデット族,,4,900,1300,N
モンスター・エッグ,モンスター・エッグ,モンスター,卵のカラに身を包んだ謎の戦士。カラを飛ばして攻撃する。,地属性,戦士族,,3,600,900,N
闇を司る影,やみをつかさどるかげ,モンスター,暗闇の中にとけこむ影。金縛りで敵の動きを封じる。,闇属性,悪魔族,,3,800,700,N
ランプの魔人,ランプのまじん,モンスター,魔法のランプから現れる魔人。呼び出した者に服従する。,闇属性,悪魔族,,4,1400,1200,N
カクタス,カクタス,モンスター,水中に潜んでいる、得体の知れない格好をしたばけもの。,水属性,水族,,5,1700,1400,N
赤き剣のライムンドス,あかきけんのライムンドス,モンスター,赤き炎の剣を持った戦士。炎の束縛で動きを封じる。,地属性,戦士族,,4,1200,1300,N
とろける赤き影,とろけるあかきかげ,モンスター,体を溶かして足もとの影にもぐり、敵の真下から攻撃する。,水属性,水族,,2,500,700,N
死神のドクロイゾ,しにがみのドクロイゾ,モンスター,地獄の一撃で魂を奪おうとする死神。,闇属性,アンデット族,,3,900,1200,N
ファイヤー・デビル,ファイヤー・デビル,モンスター,炎の矢を手にする死神。その矢にあたると火だるまになる。,闇属性,アンデット族,,2,700,500,N
ラーバス,ラーバス,モンスター,素早く動く鳥のばけもの。細く長い腕をからませ絞めあげる。,地属性,獣族,,3,800,1000,N
ハードアーマー,ハードアーマー,モンスター,心のある鎧。堅い体でソルジャータックルをしかけてくる。,地属性,戦士族,,3,300,1200,N
火炎草,かえんそう,モンスター,火山の近くに生息する草。花から火炎を吹き攻撃する。,地属性,植物族,,2,700,600,N
マンイーター,マンイーター,モンスター,人喰い人面花。毒のある触手で攻撃してくる。,地属性,植物族,,2,800,600,N
ディッグ・ビーク,ディッグ・ビーク,モンスター,ヘビのように長い体をまるめ、回転しながらくちばしで攻撃。,地属性,獣族,,2,500,800,N
マグネッツ１号,マグネッツ１ごう,モンスター,コンビプレーが得意な戦士。強い磁力を発し、誰にも逃げられない。,地属性,戦士族,,3,1000,500,N
マグネッツ２号,マグネッツ２ごう,モンスター,コンビプレーが得意な戦士。電磁コーティングされた鎧は頑丈。,地属性,戦士族,,3,500,1000,N
悪魔の知恵,あくまのちえ,モンスター,このカードの表示形式が攻撃表示から表側守備表示に変わった時、自分のデッキをシャッフルする。,闇属性,悪魔族,,3,1250,800,N
サファイヤ・リサーク,サファイヤ・リサーク,モンスター,サファイヤの眼を持つけもの。幻影を見せ、混乱したところを攻撃。,地属性,獣族,,4,1300,1300,N
ゼミアの神,ゼミアのかみ,モンスター,相手をだまして、破滅の道へと誘うことを得意とする邪神。,闇属性,悪魔族,,4,1300,1000,N
ジャジメント・ザ・ハンド,ジャジメント・ザ・ハンド,モンスター,神が宿った手で最後の審判を下し、激しい攻撃を加える。,地属性,戦士族,,3,1400,700,N
謎の傀儡師,なぞのくぐつし,モンスター,モンスターが召喚・反転召喚に成功した時、自分は500ライフポイント回復する。,地属性,戦士族,,4,1000,1500,N
太古の壺,たいこのつぼ,モンスター,とても壊れやすい大昔の壺。中に何かが潜んでいるらしい。,地属性,岩石族,,1,400,200,N
暗黒火炎龍,あんこくかえんりゅう,融合,「火炎草」＋「プチリュウ」,闇属性,ドラゴン族,,4,1500,1250,R
深淵の冥王,しんえんのめいおう,モンスター,冥界の王。かつて闇を全て支配するほどの力があったという。,闇属性,悪魔族,,3,1200,800,N
ハープの精,ハープのせい,モンスター,天界でハープをかなでる精霊。その音色はまわりの心をなごます。,光属性,天使族,,4,800,2000,N
大王目玉,だいおうめだま,モンスター,リバース:自分のデッキの上からカードを5枚まで確認し、好きな順番でデッキの上に戻す。,闇属性,悪魔族,リバース,4,1200,1000,N
アーメイル,アーメイル,モンスター,剣状の尾を持つ変わった戦士。両手と尾で3連攻撃をする。,地属性,戦士族,,3,700,1300,N
ダーク・プリズナー,ダーク・プリズナー,モンスター,光の反射を巧みに操り、自分の姿を隠すことができる。,闇属性,悪魔族,,3,600,1000,N
ハリケル,ハリケル,モンスター,荒野で荒れ狂う竜巻。風の刃で相手を切り刻む。,風属性,魔法使い族,,2,900,200,N
魔天老,まてんろう,モンスター,天界から追放された堕天使。闇での闘いに優れている。,闇属性,悪魔族,,3,1000,700,N
ファイヤー・アイ,ファイヤー・アイ,モンスター,炎につつまれた目玉。羽をはばたかせ、炎の風をおこす。,炎属性,炎族,,2,800,600,N
モンスタートル,モンスタートル,モンスター,トゲのついたこうらを身につけたカメ。とても凶暴で人になつかない。,水属性,水族,,3,800,1000,N
キラー・ザ・クロー,キラー・ザ・クロー,モンスター,腕を自由に伸ばし、鋭い爪で相手を串刺しにすることができる。,闇属性,悪魔族,,3,1000,800,N
サターナ,サターナ,モンスター,敵を呪い、動きを止めることができる魔法使い。,闇属性,魔法使い族,,2,700,600,N
アルラウネ,アルラウネ,モンスター,花の中の女性が毒花粉をまき散らす。近づいてはいけない。,地属性,植物族,,3,800,1000,N
ダークシェイド,ダークシェイド,モンスター,クリスタルから強烈な光を発して攻撃する。,風属性,悪魔族,,3,1000,1000,N
仮面道化,かめんどうけ,モンスター,死のおどりを踊りながら、手にするカマで敵を切りきざむ戦士。,闇属性,戦士族,,2,500,700,N
ホーリー・パワー,ホーリー・パワー,モンスター,ひょろひょろとしているが、聖なる力に守られている。,光属性,魔法使い族,,2,600,800,N
ジャグラー,ジャグラー,モンスター,手品のような魔法で敵を倒す。ハトを出して攻撃もする。,光属性,魔法使い族,,3,600,900,N
コピックス,コピックス,モンスター,いろんな奴に変身して、相手をだましながら戦う戦士。,地属性,戦士族,,2,600,500,N
ミラージュ,ミラージュ,モンスター,手にする鏡から仲間を呼び出すことのできる鳥のけもの。,光属性,鳥獣族,,4,1100,1400,N
ヘルゲート・ディーグ,ヘルゲート・ディーグ,モンスター,おなかに地獄へ通じる扉があり、召還もできる不気味なモンスター。,闇属性,獣族,,3,700,800,N
ファランクス,ファランクス,モンスター,上にも下にも頭がある、気持ち悪いヤツ。口からはレーザーを吐く。,地属性,獣族,,3,800,900,N
フュージョニスト,フュージョニスト,融合,「プチテンシ」＋「スリーピィ」,地属性,獣族,,3,900,700,R
レッド・エース,レッド・エース,モンスター,死の呪いをかけてくる魔法使い。呪文を聞くと、気が遠くなる。,闇属性,魔法使い族,,3,1000,800,N
ララ・ライウーン,ララ・ライウーン,モンスター,電気を帯びた雲形のモンスター。何でも溶かす危険な雨を降らせる。,風属性,雷族,,2,600,600,N
キーメイス,キーメイス,モンスター,とても小さな天使。かわいらしさに負け、誰でも心を開いてしまう。,光属性,天使族,,1,400,300,N
タートル・タイガー,タートル・タイガー,モンスター,甲羅を持ったトラ。堅い甲羅で身を守り、鋭いキバで攻撃する。,水属性,水族,,4,1000,1500,N
魔人 テラ,まじん　テラ,モンスター,沼地に住む悪魔の手先。見た目ほど強くないが油断は禁物。,闇属性,悪魔族,,4,1200,1300,N
ドローン,ドローン,モンスター,ドロローンと分身して、はさみ撃ち攻撃をしかけてくる。油断するな!,地属性,戦士族,,2,900,500,N
アンモ・ナイト,アンモ・ナイト,モンスター,大昔から海を外敵から守っている、アンモナイトの戦士。,水属性,水族,,4,1000,1200,N
ゾンビランプ,ゾンビランプ,モンスター,腕をロケットのように飛ばして攻撃する、アンデットモンスター。,闇属性,アンデット族,,2,500,400,N
ハッピー・ラヴァー,ハッピー・ラヴァー,モンスター,頭からハートビームを出し敵をしあわせにする、小さな天使。,光属性,天使族,,2,800,500,N
プチリュウ,プチリュウ,モンスター,とても小さなドラゴン。小さなからだをいっぱいに使い攻撃する。,風属性,ドラゴン族,,2,600,700,N
キラーパンダ,キラーパンダ,モンスター,常に太い竹を一本持っており、性格は非常に凶暴である。,地属性,獣族,,4,1200,1000,N
デーモン・ビーバー,デーモン・ビーバー,モンスター,悪魔のツノと翼を持つビーバー。どんぐりを投げつけて攻撃する。,地属性,獣族,,2,400,600,N
ゴースト,ゴースト,モンスター,この世の成仏できない霊が集まってできた怨霊。,闇属性,アンデット族,,2,600,800,N
マキャノン,マキャノン,モンスター,大砲のような悪魔。目に見えない早さで目玉の弾を発射する。,闇属性,悪魔族,,5,1700,1400,N
ドローバ,ドローバ,モンスター,ドロドロした、気持ち悪いモンスター。猛毒ガスを吐き、攻撃をする。,水属性,水族,,3,900,800,N
グロス,グロス,モンスター,ムチのように長い腕で、少し離れたところでも攻撃できる。,水属性,水族,,3,900,700,N
スピック,スピック,モンスター,くちばしがとても大きく、大声で鳴き気の弱い相手を驚かせる。,風属性,鳥獣族,,2,600,500,N
プチテンシ,プチテンシ,モンスター,ちょこまか動き攻撃がなかなか当たらない、とても小さな天使。,光属性,天使族,,3,600,900,N
ダークキラー,ダークキラー,モンスター,カマのように発達した腕を振り回し攻撃してくる。,地属性,昆虫族,,2,700,700,N
スティング,スティング,モンスター,ものすごく熱い炎のかたまり。その体で体当たりしてくる。,炎属性,炎族,,2,600,500,N
サンダー・キッズ,サンダー・キッズ,モンスター,雷をからだの中に蓄電させている。泣かせたときは危険。,風属性,雷族,,2,700,600,N
バビロン,バビロン,モンスター,一つ目の巨大な怪物。目玉からビームを発射して攻撃する。,地属性,獣族,,2,700,600,N
アクア・マドール,アクア・マドール,モンスター,水をあやつる魔法使い。分厚い水の壁をつくり敵を押しつぶす。,水属性,魔法使い族,,4,1200,2000,R
紫炎の影武者,シエンのかげむしゃ,モンスター,シエンに仕える影武者。鋭い切れ味の名刀を持つ。,地属性,戦士族,,2,800,400,N
フレイム・ゴースト,フレイム・ゴースト,融合,「ワイト」＋「マグマン」,闇属性,アンデット族,,3,1000,800,R
ドリアード,ドリアード,モンスター,森の精霊。草木の力を借りて相手の動きを封じる。,地属性,魔法使い族,,4,1200,1400,N
ブラック・デーモンズ・ドラゴン,ブラック・デーモンズ・ドラゴン,融合,「デーモンの召喚」＋「真紅眼の黒竜」,闇属性,ドラゴン族,,9,3200,2500,UR
二つの口を持つ闇の支配者,ツーマウス・ダークルーラー,モンスター,口が二つある恐竜。ツノに蓄電し、背中の口から放電する。,地属性,恐竜族,,3,900,700,N
ソリテュード,ソリテュード,モンスター,下半身がシカで、魂を吸うという大カマを持った獣戦士。,地属性,獣戦士族,,3,1050,1000,N
仮面魔道士,かめんまどうし,モンスター,このカードが相手ライフに戦闘ダメージを与えた時、自分のデッキからカードを1枚ドローする。,闇属性,魔法使い族,,4,900,1400,R
蜘蛛男,クモおとこ,モンスター,巨大クモが知恵をつけた姿。糸を吐き動きを封じ込める。,地属性,昆虫族,,3,700,1400,N
ミッドナイト・デビル,ミッドナイト・デビル,モンスター,深夜に現れる鳥のばけもの。呼び出すにはいけにえが必要という。,闇属性,悪魔族,,2,800,600,N
轟きの大海蛇,とどろきのおおうみへび,融合,「魔法のランプ」＋「ひょうすべ」,水属性,水族,,6,2100,1800,N
トラップ・マスター,トラップ・マスター,モンスター,リバース:フィールド上の罠カードを1枚破壊する。(対象カードが裏の場合、表にしてそれが罠カードなら破壊する。違う場合は元に戻す。そのカードの効果は発動しない),地属性,戦士族,リバース,3,500,1100,N
呪われし魔剣,のろわれしまけん,モンスター,身につけ、呪いに打ち勝つことができた者は力を得られると言う。,闇属性,戦士族,,4,1400,800,N
デス・ストーカー,デス・ストーカー,モンスター,素早く動き、相手をはさみで捕らえ毒針を刺すサソリ戦士。,闇属性,戦士族,,3,900,800,N
ヒトデンチャク,ヒトデンチャク,モンスター,汚染された水で狂暴化したヒトデ。口から溶解液をはく。,水属性,水族,,2,600,700,N
森の屍,もりのしかばね,モンスター,森のぬしが倒れたあと、悪しき者の手により蘇った屍。,闇属性,アンデット族,,3,1000,900,N
命の砂時計,いのちのすなどけい,モンスター,命を司る天使。命を短くするかわりに力を与える。,光属性,天使族,,2,700,600,N
レア・フィッシュ,レア・フィッシュ,融合,「フュージョニスト」＋「恍惚の人魚」,水属性,魚族,,4,1500,1200,N
ウッド・ジョーカー,ウッド・ジョーカー,モンスター,嫌な笑みを浮かべた悪魔。手にするカマで、器用に攻撃をかわす。,地属性,戦士族,,3,800,1200,N
魔人銃,マジンガン,モンスター,口から弾を発射して攻撃する生物兵器。,闇属性,悪魔族,,2,600,800,N
暗黒魔神 ナイトメア,あんこくまじん　ナイトメア,モンスター,夢の中に潜むと言われている悪魔。寝ている間に命を奪う。,闇属性,悪魔族,,4,1300,1100,N
斬首の美女,ざんしゅのびじょ,モンスター,その美貌とはうらはらに、カタナで数多くの首をはねてきた女。,地属性,戦士族,,4,1600,800,N
森の住人 ウダン,もりのじゅうにん　ウダン,モンスター,フィールド上の表側表示の植物族モンスター1体につき、このカードの攻撃力は100ポイントアップする。,地属性,戦士族,,3,900,1200,N
冥界の番人,めいかいのばんにん,モンスター,冥界への入り口を守る戦士。許可のない者は容赦なく斬る。,地属性,戦士族,,4,1000,1200,N
はにわ,はにわ,モンスター,古代王の墓の中にある宝物を守る土人形。,地属性,岩石族,,2,500,500,N
ヤシの木,ヤシのき,モンスター,意志をもつヤシの木。実を落として攻撃。実の中のミルクはおいしい。,地属性,植物族,,2,800,600,N
ヴィシュワ・ランディー,ヴィシュワ・ランディー,モンスター,闇に仕える女戦士。相手を血祭りにあげることが生きがい。,闇属性,戦士族,,3,900,700,N
デス・フット,デス・フット,モンスター,目玉に足の生えた化け物。高くジャンプしてかぎづめで攻撃する。,闇属性,悪魔族,,3,700,800,N
闇の暗殺者,やみのあんさつしゃ,モンスター,サイコソードと呼ばれる剣を持ち、魔界に君臨する暗殺者。,闇属性,アンデット族,,4,1200,1200,N
運命のろうそく,うんめいのろうそく,モンスター,指先の炎が消えたとき、相手の運命が決定する。,闇属性,悪魔族,,2,600,600,N
ウォーター・エレメント,ウォーター・エレメント,モンスター,水に住んでいる精霊。まわりを霧でつつみこみ視界を奪う。,水属性,水族,,3,900,700,N
マグマン,マグマン,モンスター,マグマの中から生まれたモンスター。ものすごい熱で近づくものは溶ける。,地属性,岩石族,,3,900,1000,N
D・ナポレオン,ダーク・ナポレオン,モンスター,心の悪しき者がつくった目玉の悪魔。ダークボムで爆破攻撃。,闇属性,悪魔族,,2,800,400,N
魂を狩る者,たましいをかるもの,モンスター,剣で斬りつけられた者は、魂をぬかれてしまう。,地属性,獣戦士族,,4,1100,1000,N
ルート・ウォーター,ルート・ウォーター,モンスター,海にひそむ半魚人。暗黒の大津波を起こして攻撃する。,水属性,魚族,,3,900,800,N
マスター・アン・エキスパート,マスター・アン・エキスパート,モンスター,けもの使いの達人と、主人に忠実なけもの。コンビは完璧。,地属性,獣族,,4,1200,1000,N
水の踊り子,みずのおどりこ,モンスター,かめから次々とあふれでる水を、竜に変えて攻撃してくる。,水属性,水族,,4,1400,1200,N
氷,ヒョウ,モンスター,全身が氷でできている戦士。触れるものを何でも凍らせてしまう。,水属性,戦士族,,3,800,1200,N
恍惚の人魚,こうこつのマーメイド,モンスター,海を航海する者を誘惑しておぼれさせる、美しい人魚。,水属性,魚族,,3,1200,900,N
キャッツ・フェアリー,キャッツ・フェアリー,モンスター,ネコの妖精。愛らしい姿とはうらはらに、素早く敵をひっかく。,地属性,獣族,,3,1100,900,N
エンジェル・魔女,エンジェル・まじょ,モンスター,天使になる運命を背負っていたが、あこがれの魔女になった天使。,闇属性,魔法使い族,,3,800,1000,N
未熟な悪魔,みじゅくなあくま,モンスター,完全体になれなかった醜い悪魔。はらの穴は何でも吸い込む。,闇属性,悪魔族,,2,500,750,N
プリヴェント・ラット,プリヴェント・ラット,モンスター,毛が集まり、かたい皮のようになっている。守備はかなり高い。,地属性,獣族,,4,500,2000,N
異次元の戦士,いじげんのせんし,モンスター,①:このカードがモンスターと戦闘を行ったダメージ計算後に発動する。その戦闘を行ったそれぞれのモンスターを除外する。,地属性,戦士族,,4,1200,1000,R
ストーン・アルマジラー,ストーン・アルマジラー,モンスター,体が石のように堅い毛で覆われており、守りがかたい。,地属性,岩石族,,3,800,1200,N
沼地の魔獣王,ぬまちのまじゅうおう,モンスター,このカードを融合素材モンスター1体の代わりにする事ができる。その際、他の融合素材モンスターは正規のものでなければならない。,水属性,水族,,4,1000,1100,R
古代魔導士,こだいまどうし,モンスター,数多くの杖を持ち、それぞれを使い分け多彩な攻撃をする。,闇属性,魔法使い族,,4,1000,1300,N
月の女神 エルザェム,つきのめがみ　エルザェム,モンスター,月を守護するきれいな女神。月あかりのカーテンで攻撃を防ぐ。,光属性,天使族,,3,750,1100,N
悪魔の鏡,デーモンズ・ミラー,モンスター,鏡に映るものに催眠術をかけ攻撃をよける悪魔の鏡。,闇属性,悪魔族,,2,700,600,N
アイルの小剣士,アイルのしょうけんし,モンスター,自分のフィールド上に存在するこのカードを除くモンスター1体を生け贄に捧げる度に、このカードの攻撃力はターン終了時まで700ポイントアップする。,水属性,戦士族,,3,800,1300,N
ウォー・アース,ウォー・アース,モンスター,岩石が集まってできたゴーレム。相手を石化して破壊する。,地属性,岩石族,,3,700,1400,N
ウィング・エッグ・エルフ,ウィング・エッグ・エルフ,モンスター,たまごのカラに身を包む天使。大きな羽で攻撃を防ぐ。,光属性,天使族,,3,500,1300,N
怒りの海王,いかりのかいおう,モンスター,偉大な海の王。終わることのない大津波を呼び、敵をのみこむ。,水属性,水族,,3,800,700,N
剣の女王,つるぎのじょおう,モンスター,リバース:相手フィールド上に存在する魔法・罠カードの数×500ポイントダメージを相手ライフに与える。,風属性,戦士族,リバース,3,900,700,N
悪の無名戦士,あくのむめいせんし,モンスター,素早い動きで真空を作り出し、相手を切り刻む戦士。,闇属性,戦士族,,3,1000,500,N
闇にしたがう者,やみにしたがうもの,モンスター,闇を崇拝する魔法使い。魔の手を呼び出し暗闇へ引きずり込む。,闇属性,魔法使い族,,2,700,500,N
破壊神 ヴァサーゴ,はかいしん　ヴァサーゴ,モンスター,このカードを融合素材モンスター1体の代わりにする事ができる。その際、他の融合素材モンスターは正規のものでなければならない。,闇属性,悪魔族,,3,1100,900,R
ウェザ,ウェザ,モンスター,雨を操る精霊。台風を呼び出し、様々なものを吹き飛ばす。,水属性,水族,,3,1000,900,N
メギラス・ライト,メギラス・ライト,モンスター,ブキミな目から悪しき光を放ち、相手にダメージを与える。,闇属性,悪魔族,,3,900,600,N
マブラス,マブラス,融合,「タイホーン」＋「邪炎の翼」,風属性,鳥獣族,,4,1300,900,N
悟りの老樹,さとりのろうじゅ,モンスター,ありとあらゆる知識を駆使して、様々な攻撃を防ぐ。,地属性,植物族,,3,600,1500,N
緑樹の霊王,りょくじゅのれいおう,モンスター,青々と生い茂る木に囲まれて暮らす、森を治める若き王。,地属性,植物族,,3,500,1600,N
陸戦型 バグロス,りくせんがた　バグロス,モンスター,陸上戦闘ロボット。今はダメだが、海でも使えたらしい。,地属性,機械族,,4,1500,1000,N
北風と太陽,きたかぜとたいよう,モンスター,仲の良い北風と太陽。かまいたちと熱光線で攻撃。,光属性,天使族,,3,1000,1000,N
ゴーゴン・エッグ,ゴーゴン・エッグ,モンスター,ゴーゴンが産んだ卵。大きな目に映ったものが産まれると言われている。,闇属性,悪魔族,,3,300,1300,N
プチモス,プチモス,モンスター,成長したらどんなムシになるか分からない、小さな幼虫。,地属性,昆虫族,,1,300,200,N
キング・スモーク,キング・スモーク,モンスター,煙の中にひそむ悪魔。まわりを煙でおおい、見えなくしてしまう。,闇属性,悪魔族,,3,1000,900,N
王座の守護者,おうざのしゅごしゃ,モンスター,王が留守の間、王座を外敵から守る王妃。守備は高い。,地属性,戦士族,,4,800,1500,N
バーサーカー,バーサーカー,モンスター,狂った力を使い攻撃する。その暴走は誰にも止められない。,闇属性,悪魔族,,4,1500,1000,N
スリーピィ,スリーピィ,モンスター,しっぽの長いひつじ。しっぽを使い催眠術をかけ、睡魔を誘う。,地属性,獣族,,3,800,1000,N
ホログラー,ホログラー,モンスター,様々な幻想を見せ、そのスキをついて攻撃してくる機械。,地属性,機械族,,3,1100,700,N
陰陽師 タオ,おんみょうし　タオ,モンスター,陰と陽の力を浸食させ、歪んだ力を生み出す魔導士。,地属性,魔法使い族,,3,1200,900,N
デビル・スネーク,デビル・スネーク,モンスター,目が一つしかないヘビ。冷気をはき出し、相手を氷づけにする。,地属性,爬虫類族,,2,700,600,N
ゲート・キーパー,ゲート・キーパー,モンスター,入り口を守るために造られた機械。壊すのは大変だ!,闇属性,機械族,,5,1500,1800,N
黒い影の鬼王,くろいかげのオーガ,モンスター,黒い影にとりつかれたオーガ。すごいスピードで突撃してくる。,地属性,獣戦士族,,4,1200,1400,N
闇の芸術家,ダーク・アーティスト,モンスター,光属性モンスターの攻撃を受けた時、このカードの守備力は半分になる。,闇属性,悪魔族,,3,600,1400,N
チェンジ・スライム,チェンジ・スライム,モンスター,形を自由に変え、様々なものに変身するスライム。,水属性,水族,,1,400,300,N
月の使者,つきのししゃ,モンスター,月の女神に仕える戦士。三日月のような矛で攻撃!,光属性,戦士族,,4,1100,1000,N
炎の魔神,ほのおのまじん,モンスター,炎につつまれた魔人。まわりの炎を自在に操り攻撃する。,炎属性,炎族,,4,1300,1000,N
伝説の剣豪 MASAKI,でんせつのけんごう　マサキ,モンスター,百人斬りを成しとげたといわれる、伝説の剣豪。,地属性,戦士族,,4,1100,1100,N
魔装騎士ドラゴネス,まそうきしドラゴネス,融合,「アーメイル」＋「一眼の盾竜」,風属性,戦士族,,3,1200,900,R
B・プラント,バイオ・プラント,モンスター,地下研究所での実験で大失敗して生まれたばけもの。,闇属性,悪魔族,,3,600,1300,N
一眼の盾竜,ワンアイド・シールドドラゴン,モンスター,身につけた盾は身を守るだけでなく、突撃にも使える。,風属性,ドラゴン族,,3,700,1300,N
魔界の機械兵,まかいのきかいへい,モンスター,闇の力でつくられた機械兵。狂ったように敵を破壊する。,闇属性,機械族,,4,1400,1200,N
魔頭を持つ邪竜,まとうをもつじゃりゅう,モンスター,もう一つの頭を持つドラゴン。二つの口で敵を噛み砕く。,風属性,ドラゴン族,,3,900,900,N
音女,オトメ,モンスター,音を扱うのが得意なオトメ。音符のカマを使い攻撃する。,地属性,戦士族,,3,1200,900,N
ドレイク,ドレイク,モンスター,しっぽが長い鳥。そのしっぽで空中から攻撃する。,風属性,鳥獣族,,3,800,800,N
伝説の剣,でんせつのけん,装備魔法,戦士族のみ装備可能。装備モンスター1体の攻撃力と守備力は300ポイントアップする。,,,,,,,N
闇の破神剣,やみのはしんけん,装備魔法,闇属性モンスター1体の攻撃力400ポイントアップ!守備力200ポイントダウン!,,,,,,,N
闇・エネルギー,やみ・エネルギー,装備魔法,悪魔族モンスターにのみ装備可能。①:装備モンスターの攻撃力・守備力は300アップする。,,,,,,,N
レーザー砲機甲鎧,レーザーキャノンアーマー,装備魔法,昆虫族モンスターにのみ装備可能。装備モンスターの攻撃力・守備力は300ポイントアップする。,,,,,,,N
火器付機甲鎧,かきつきインセクトアーマー,装備魔法,昆虫族モンスターにのみ装備可能。①:装備モンスターの攻撃力は700アップする。,,,,,,,R
エルフの光,エルフのひかり,装備魔法,光属性モンスターにのみ装備可能。装備モンスターの攻撃力は400ポイントアップし、守備力は200ポイントダウンする。,,,,,,,N
猛獣の歯,もうじゅうのは,装備魔法,獣族のみ装備可能。装備モンスター1体の攻撃力と守備力は300ポイントアップする。,,,,,,,N
はがねの甲羅,はがねのこうら,装備魔法,水属性モンスターにのみ装備可能。装備モンスターの攻撃力は400ポイントアップし、守備力は200ポイントダウンする。,,,,,,,N
魔菌,まきん,装備魔法,植物族のみ装備可能。装備モンスター1体の攻撃力と守備力は300ポイントアップする。,,,,,,,N
銀の弓矢,ぎんのゆみや,装備魔法,天使族モンスターにのみ装備可能。装備モンスターの攻撃力・守備力は300ポイントアップする。,,,,,,,N
ドラゴンの秘宝,ドラゴンのひほう,装備魔法,ドラゴン族のみ装備可能。装備モンスター1体の攻撃力と守備力は300ポイントアップする。,,,,,,,N
電撃鞭,でんげきむち,装備魔法,雷族のみ装備可能。装備モンスター1体の攻撃力と守備力は300ポイントアップする。,,,,,,,N
サイバー・ボンテージ,サイバー・ボンテージ,装備魔法,「ハーピィ・レディ」または「ハーピィ・レディ三姉妹」にのみ装備可能。①:装備モンスターの攻撃力は500アップする。,,,,,,,N
万華鏡－華麗なる分身－,まんげきょう－かれいなるぶんしん－,通常魔法,①:フィールドに「ハーピィ・レディ」が存在する場合に発動できる。手札・デッキから「ハーピィ・レディ」か「ハーピィ・レディ三姉妹」1体を特殊召喚する。,,,,,,,N
魔性の月,ましょうのつき,装備魔法,獣戦士族モンスターにのみ装備可能。装備モンスターの攻撃力・守備力は300ポイントアップする。,,,,,,,N
『守備』封じ,『しゅび』ふうじ,通常魔法,①:相手フィールドの守備表示モンスター1体を対象として発動できる。その相手モンスターを表側攻撃表示にする。,,,,,,,N
紫水晶,むらさきすいしょう,装備魔法,アンデット族のみ装備可能。装備モンスター1体の攻撃力と守備力は300ポイントアップする。,,,,,,,N
秘術の書,ひじゅつのしょ,装備魔法,魔法使い族モンスターにのみ装備可能。装備モンスターの攻撃力・守備力は300ポイントアップする。,,,,,,,N
覚醒,かくせい,装備魔法,地属性モンスター1体の攻撃力400ポイントアップ!守備力200ポイントダウン!,,,,,,,N
機械改造工場,きかいかいぞうこうじょう,装備魔法,機械族のみ装備可能。装備モンスター1体の攻撃力と守備力は300ポイントアップする。,,,,,,,N
体温の上昇,たいおんのじょうしょう,装備魔法,恐竜族のみ装備可能。装備モンスター1体の攻撃力と守備力は300ポイントアップする。,,,,,,,N
フォロー・ウィンド,フォロー・ウィンド,装備魔法,鳥獣族のみ装備可能。装備モンスター1体の攻撃力と守備力は300ポイントアップする。,,,,,,,N
ポセイドンの力,ポセイドンのちから,装備魔法,水族のみ装備可能。装備モンスター1体の攻撃力と守備力は300ポイントアップする。,,,,,,,N
ドラゴン族・封印の壺,ドラゴンぞく・ふういんのつぼ,永続罠,このカードがフィールド上に存在する限り、フィールド上に表側表示で存在する全てのドラゴン族モンスターは守備表示になり、表示形式を変更する事ができない。,,,,,,,N
森,もり,フィールド魔法,全ての昆虫・獣・植物・獣戦士族モンスターの攻撃力と守備力は、200ポイントアップする。,,,,,,,N
荒野,こうや,フィールド魔法,全ての恐竜・アンデット・岩石族モンスターの攻撃力と守備力は、200ポイントアップする。,,,,,,,N
山,やま,フィールド魔法,フィールド上に表側表示で存在するドラゴン族・鳥獣族・雷族モンスターの攻撃力・守備力は200ポイントアップする。,,,,,,,N
草原,そうげん,フィールド魔法,全ての戦士・獣戦士族モンスターの攻撃力と守備力は、200ポイントアップする。,,,,,,,N
海,うみ,フィールド魔法,フィールド上に表側表示で存在する魚族・海竜族・雷族・水族モンスターの攻撃力・守備力は200ポイントアップする。フィールド上に表側表示で存在する機械族・炎族モンスターの攻撃力・守備力は200ポイントダウンする。,,,,,,,R
闇,やみ,フィールド魔法,フィールド上に表側表示で存在する悪魔族・魔法使い族モンスターの攻撃力・守備力は200ポイントアップする。フィールド上に表側表示で存在する天使族モンスターの攻撃力・守備力は200ポイントダウンする。,,,,,,,N
ブラック・ホール,ブラック・ホール,通常魔法,①:フィールドのモンスターを全て破壊する。,,,,,,,SR
サンダー・ボルト,サンダー・ボルト,通常魔法,①:相手フィールドのモンスターを全て破壊する。,,,,,,,UR
モウヤンのカレー,モウヤンのカレー,通常魔法,ライフポイントを200ポイント回復する。,,,,,,,
レッド・ポーション,レッド・ポーション,通常魔法,自分は500ライフポイント回復する。,,,,,,,N
ゴブリンの秘薬,ゴブリンのひやく,通常魔法,①:自分は600LP回復する。,,,,,,,N
天使の生き血,てんしのいきち,通常魔法,自分は800ライフポイント回復する。,,,,,,,N
治療の神 ディアン・ケト,ちりょうのかみ　ディアン・ケト,通常魔法,①:自分は1000LP回復する。,,,,,,,N
火の粉,ひのこ,通常魔法,相手ライフに200ポイントダメージを与える。,,,,,,,N
ファイヤー・ボール,ファイヤー・ボール,通常魔法,①:相手に500ダメージを与える。,,,,,,,N
火あぶりの刑,ひあぶりのけい,通常魔法,相手ライフに600ポイントダメージを与える。,,,,,,,R
昼夜の大火事,ちゅうやのおおかじ,通常魔法,相手ライフに800ポイントダメージを与える。,,,,,,,N
火炎地獄,かえんじごく,通常魔法,相手ライフに1000ポイントダメージを与え、自分は500ポイントダメージを受ける。,,,,,,,R
光の護封剣,ひかりのごふうけん,通常魔法,このカードは発動後、フィールドに残り続け、相手ターンで数えて3ターン後の相手エンドフェイズに破壊される。①:このカードの発動時の効果処理として、相手フィールドに裏側表示モンスターが存在する場合、そのモンスターを全て表側表示にする。②:このカードが魔法&罠ゾーンに存在する限り、相手モンスターは攻撃宣言できない。,,,,,,,SR
闇をかき消す光,やみをかきけすひかり,通常魔法,相手フィールド上に裏側表示で存在するモンスターを全て表側表示にする。,,,,,,,N
ヤランゾ,ヤランゾ,モンスター,宝箱のフタを開けようとする盗賊を、箱から飛び出し襲う。,闇属性,アンデット族,,4,1300,1500,N
女剣士カナン,おんなけんしカナン,モンスター,チョウのように舞いハチのように刺す、剣と盾を手にした女戦士。,地属性,戦士族,,4,1400,1400,SR
タクリミノス,タクリミノス,モンスター,体にヒレを持ち、水中でも自由に動ける海竜の仲間。,水属性,海竜族,,4,1500,1200,N
くいぐるみ,くいぐるみ,モンスター,かわいらしいぬいぐるみと思わせ、チャックの口でガブリとかみつく。,地属性,戦士族,,3,1200,900,N
メガソニック・アイ,メガソニック・アイ,モンスター,宇宙の果てからやってきた殺人マシン。謎の金属でできている。,闇属性,機械族,,5,1500,1800,N
スーパー・ウォー・ライオン,スーパー・ウォー・ライオン,儀式,「ライオンの儀式」により降臨。,地属性,獣族,,7,2300,2100,R
ヤマドラン,ヤマドラン,モンスター,三つの頭でつぎつぎ炎をはき、あたり一面を炎の海にする!,炎属性,ドラゴン族,,5,1600,1800,N
ホーリー・ナイト・ドラゴン,ホーリー・ナイト・ドラゴン,モンスター,聖なる炎で悪しき者を焼きはらう、神聖な力を持つドラゴン。,光属性,ドラゴン族,,7,2500,2300,SR
２人３脚ゾンビ,２にん３きゃくゾンビ,モンスター,ほそっちょとでぶっちょの、仲良しガイコツ二人組。歩きにくそう。,闇属性,アンデット族,,3,1100,800,N
ゼラ,ゼラ,儀式,「ゼラの儀式」により降臨。,闇属性,悪魔族,,8,2800,2300,N
トビペンギン,トビペンギン,モンスター,耳のようにも見える頭についた羽で空を飛ぶ、珍しいペンギン。,水属性,水族,,4,1200,1000,N
千年の盾,せんねんのたて,モンスター,古代エジプト王家より伝わるといわれている伝説の盾。どんなに強い攻撃でも防げるという。,地属性,戦士族,,5,0,3000,SR
妖精の贈りもの,ようせいのおくりもの,モンスター,誰もが幸せになれるという魔法をふりまきながら飛びまわる。,光属性,魔法使い族,,4,1400,1000,R
カオス・ソルジャー,カオス・ソルジャー,儀式,「カオスの儀式」により降臨。,地属性,戦士族,,8,3000,2500,N
デビルズ・ミラー,デビルズ・ミラー,儀式,「悪魔鏡の儀式」により降臨。,闇属性,悪魔族,,6,2100,1800,R
地雷蜘蛛,じらいグモ,モンスター,このカードの攻撃宣言時、コイントスで裏表を当てる。当たりの場合はそのまま攻撃する。ハズレの場合は自分のライフポイントを半分失い攻撃する。,地属性,昆虫族,,4,2200,100,N
シャドウ・グール,シャドウ・グール,モンスター,自分の墓地に存在するモンスター1体につき、このカードの攻撃力は100ポイントアップする。,闇属性,アンデット族,,5,1600,1300,R
迷宮の魔戦車,めいきゅうのませんしゃ,融合,「ギガテック・ウルフ」＋「キャノン・ソルジャー」,闇属性,機械族,,7,2400,2400,N
雷魔神－サンガ,らいましん－サンガ,モンスター,①:このカードがフィールドに表側表示で存在する限り1度だけ、このカードが攻撃されたダメージ計算時に、攻撃モンスター1体を対象として発動できる。その攻撃モンスターの攻撃力を0にする。,光属性,雷族,,7,2600,2200,R
風魔神－ヒューガ,ふうましん－ヒューガ,モンスター,①:このカードがフィールドに表側表示で存在する限り1度だけ、このカードが攻撃されたダメージ計算時に、攻撃モンスター1体を対象として発動できる。その攻撃モンスターの攻撃力を0にする。,風属性,魔法使い族,,7,2400,2200,R
水魔神－スーガ,すいましん－スーガ,モンスター,①:このカードがフィールドに表側表示で存在する限り1度だけ、このカードが攻撃されたダメージ計算時に、攻撃モンスター1体を対象として発動できる。その攻撃モンスターの攻撃力を0にする。,水属性,水族,,7,2500,2400,R
ゲート・ガーディアン,ゲート・ガーディアン,モンスター,このカードは通常召喚できない。自分フィールドの「雷魔神－サンガ」「風魔神－ヒューガ」「水魔神－スーガ」を1体ずつリリースした場合に特殊召喚できる。,闇属性,戦士族,特殊召喚,11,3750,3400,R
ダンジョン・ワーム,ダンジョン・ワーム,モンスター,迷路の地下に潜み、上を通る者を大きな口で丸飲みにする。,地属性,昆虫族,,5,1800,1500,N
地獄の魔物使い,モンスター・テイマー,モンスター,モンスターを自在に操り攻撃してくる、モンスター使い。,地属性,戦士族,,5,1800,1600,N
ガーゴイル・パワード,ガーゴイル・パワード,モンスター,闇の力を得て強化されたガーゴイル。かぎづめに注意!,闇属性,悪魔族,,4,1600,1200,N
復讐のソード・ストーカー,ふくしゅうのソード・ストーカー,モンスター,やられていった味方の怨念が宿っているモンスター。,闇属性,戦士族,,6,2000,1600,N
ランプの魔精・ラ・ジーン,ランプのませい・ラ・ジーン,モンスター,呼び出した主人の言うことを、何でも聞いてくれるランプの精。,闇属性,悪魔族,,4,1800,1000,N
青眼の究極竜,ブルーアイズ・アルティメットドラゴン,融合,「青眼の白龍」＋「青眼の白龍」＋「青眼の白龍」,光属性,ドラゴン族,,12,4500,3800,R
トゥーン・アリゲーター,トゥーン・アリゲーター,モンスター,アメリカンコミックの世界から現れた、ワニのモンスター。,水属性,爬虫類族,,4,800,1600,N
ルード・カイザー,ルード・カイザー,モンスター,両手に持つ魔人のオノの破壊力は、かなり強力だ!,地属性,獣戦士族,,5,1800,1600,N
パロット・ドラゴン,パロット・ドラゴン,モンスター,アメリカンコミックの世界のドラゴン。かわいらしい風貌にだまされるな。,風属性,ドラゴン族,,5,2000,1300,N
ダーク・ラビット,ダーク・ラビット,モンスター,アメリカンコミックの世界のウサギ。とても素早くちょこまかと動く。,闇属性,獣族,,4,1100,1500,N
デビル・ボックス,デビル・ボックス,融合,マーダーサーカス＋ドリーム・ピエロ,闇属性,悪魔族,,7,2300,2000,N
ハーピィズペット竜,ハーピィズペットドラゴン,モンスター,①:このカードの攻撃力・守備力は、フィールドの「ハーピィ・レディ」の数×300アップする。,風属性,ドラゴン族,,7,2000,2500,N
魔法のランプ,まほうのランプ,モンスター,このカードは相手プレイヤーを直接攻撃する事ができる。,闇属性,魔法使い族,,1,400,300,N
振り子刃の拷問機械,ふりこやいばのごうもんきかい,モンスター,大きな振り子の刃で相手をまっぷたつ!恐ろしい拷問機械。,闇属性,機械族,,6,1750,2000,N
魔導騎士ギルティア,まどうきしギルティア,融合,「冥界の番人」＋「王座の守護者」,光属性,戦士族,,5,1850,1500,N
TM－１ランチャースパイダー,ＴＭ－１ランチャースパイダー,モンスター,ロケットランチャーを乱射して、相手を爆殺する機械グモ。,炎属性,機械族,,7,2200,2500,N
デビルゾア,デビルゾア,モンスター,真の力をメタル化によって発揮すると言われているモンスター。,闇属性,悪魔族,,7,2600,1900,N
メタル・デビルゾア,メタル・デビルゾア,モンスター,このカードは通常召喚できない。自分フィールドの、「メタル化・魔法反射装甲」を装備した「デビルゾア」1体をリリースした場合にデッキから特殊召喚できる。,闇属性,機械族,特殊召喚,8,3000,2300,N
ゾーン・イーター,ゾーン・イーター,モンスター,「ゾーン・イーター」の攻撃を受けたモンスターは、5ターン後に破壊される。,水属性,水族,,1,250,200,N
鉄のサソリ,てつのサソリ,モンスター,機械族以外のモンスターがこのカードを攻撃した場合、そのモンスターは(相手ターンで数えて)3ターン目のエンドフェイズに破壊される。,地属性,機械族,,1,250,300,N
ダンシング・エルフ,ダンシング・エルフ,モンスター,音楽に合わせ天を舞うエルフ。体の羽は、鋭利な刃物。,風属性,天使族,,1,300,200,N
エンゼル・イヤーズ,エンゼル・イヤーズ,モンスター,大きな耳と目で周囲を監視する、恐ろしい風貌の天使。,光属性,天使族,,5,1550,1650,N
レッグル,レッグル,モンスター,このカードは相手プレイヤーを直接攻撃する事ができる。,地属性,昆虫族,,1,300,350,N
ラージマウス,ラージマウス,モンスター,このカードは相手プレイヤーを直接攻撃する事ができる。,水属性,水族,,1,300,250,N
異国の剣士,いこくのけんし,モンスター,「異国の剣士」の攻撃を受けたモンスターは、5ターン後に破壊される。,地属性,戦士族,,1,250,250,N
水陸の帝王,すいりくのていおう,モンスター,大きな口から四方八方に炎をはく、爬虫類のばけもの。,水属性,爬虫類族,,5,1800,1500,N
牛鬼,うしおに,モンスター,黒魔術で蘇ったウシの悪魔。壺の中から現れる。,闇属性,悪魔族,,6,2150,1950,N
モンスター・アイ,モンスター・アイ,モンスター,1000ライフポイントを払って発動する。自分の墓地に存在する「融合」魔法カード1枚を手札に戻す。,闇属性,悪魔族,,1,250,350,R
レオグン,レオグン,モンスター,百獣の王のような立派なたてがみを持つシシ。体も大きい。,地属性,獣族,,5,1750,1550,N
シーホース,シーホース,モンスター,ウマとサカナの体を持つモンスター。海中を風のように駆け抜ける。,地属性,獣族,,5,1350,1600,N
キラー・マシーン,キラー・マシーン,モンスター,大きく反った剣を振りかざし暴れ回る、殺人マシン。,闇属性,機械族,,5,1450,1500,N
カッター・ロボ,カッター・ロボ,モンスター,四角い体に刃物を隠し持ち、なんでもかんでも切り刻む機械。,闇属性,機械族,,4,1000,1300,N
機械王,きかいおう,モンスター,フィールド上に表側表示で存在する機械族モンスター1体につき、このカードの攻撃力は100ポイントアップする。,地属性,機械族,,6,2200,2000,N
機械の巨兵,きかいのきょへい,モンスター,巨大なオノの攻撃は、大地が割れるほど強力な一撃だ。,地属性,機械族,,6,1750,1900,N
メタル・ドラゴン,メタル・ドラゴン,融合,「鋼鉄の巨神像」＋「レッサー・ドラゴン」,風属性,機械族,,6,1850,1700,R
カラクリ蜘蛛,カラクリグモ,モンスター,このカードの攻撃を受けたモンスターが闇属性だった場合、そのモンスターを破壊する。ダメージ計算は適用する。,地属性,機械族,,2,400,500,N
バット,バット,モンスター,左右のハネに搭載された爆弾を落としてくるメカコウモリ。,風属性,機械族,,1,300,350,N
ギガテック・ウルフ,ギガテック・ウルフ,モンスター,全身が鋼鉄でできたオオカミ。鋭くとがったキバでかみついてくる。,炎属性,機械族,,4,1200,1400,N
機械の兵隊,きかいのへいたい,モンスター,機械王を警護する兵隊。丸い身体でゴロゴロ転がってくる。,闇属性,機械族,,5,1500,1700,N
シャベル・クラッシャー,シャベル・クラッシャー,モンスター,何でも破壊してしまう、両手の大きなシャベルには要注意。,地属性,機械族,,3,900,1200,N
メカ・ハンター,メカ・ハンター,モンスター,機械王の命令で、ターゲットを捕まえるまで追いつづけるハンター。,闇属性,機械族,,4,1850,800,R
ブロッカー,ブロッカー,モンスター,体のパーツがそれぞれ武器になっており、分裂して襲ってくる。,闇属性,機械族,,4,850,1800,N
ミスター・ボンバー,ミスター・ボンバー,モンスター,自分のスタンバイフェイズ時にのみ発動する事ができる。このカードをリリースする事で、フィールド上に表側表示で存在する攻撃力1000以下のモンスター2体を選択して破壊する。,炎属性,機械族,,3,800,900,N
ゴルゴイル,ゴルゴイル,モンスター,異次元に通じる穴から出てくる、大きな鋼鉄の魔人。,地属性,機械族,,4,900,1600,N
ギガント,ギガント,モンスター,スパイクのついた大きな鉄球を振り回し襲いかかってくる。,闇属性,機械族,,5,1700,1800,N
デビル・フランケン,デビル・フランケン,モンスター,①:5000LPを払って発動できる。エクストラデッキから融合モンスター1体を攻撃表示で特殊召喚する。,闇属性,機械族,,2,700,500,UR
コマンダー,コマンダー,モンスター,ロケットランチャーとバズーカ砲を装備した実戦部隊。,闇属性,機械族,,2,750,700,N
人造人間７号,じんぞうにんげん７ごう,モンスター,このカードは相手プレイヤーを直接攻撃する事ができる。,闇属性,機械族,,2,500,400,N
ダイス・アルマジロ,ダイス・アルマジロ,モンスター,体を丸めると、サイコロのような形になるアルマジロ。,地属性,機械族,,5,1650,1800,N
天空竜,スカイ・ドラゴン,モンスター,4枚の羽を持つ、鳥の姿をしたドラゴン。刃の羽で攻撃。,風属性,ドラゴン族,,6,1900,1800,N
サンダー・ドラゴン,サンダー・ドラゴン,モンスター,①:このカードを手札から捨てて発動できる。デッキから「サンダー・ドラゴン」を2体まで手札に加える。,光属性,雷族,,5,1600,1500,R
ストーン・ドラゴン,ストーン・ドラゴン,モンスター,全身が岩でできているドラゴン。岩石の攻撃は強力だ。,地属性,岩石族,,7,2000,2300,N
カイザー・ドラゴン,カイザー・ドラゴン,融合,砦を守る翼竜＋フェアリー・ドラゴン,光属性,ドラゴン族,,7,2300,2000,N
聖なる魔術師,セイント・マジシャン,モンスター,①:このカードがリバースした場合、自分の墓地の魔法カード1枚を対象として発動する。そのカードを手札に加える。,光属性,魔法使い族,リバース,1,300,400,R
きまぐれの女神,きまぐれのめがみ,モンスター,①:1ターンに1度、自分メインフェイズに発動できる。コイントスを1回行い、裏表を当てる。当たった場合、このカードの攻撃力はターン終了時まで倍になる。ハズレの場合、このカードの攻撃力はターン終了時まで半分になる。,光属性,天使族,,3,950,700,R
水の魔導師,みずのまどうし,モンスター,水で相手の周りを囲んで、包むように攻撃をする。,水属性,水族,,4,1400,1000,N
氷水,こおりみず,モンスター,攻撃的なマーメイド。体に生えているトゲを使って攻撃する。,水属性,水族,,3,1150,900,N
ウンディーネ,ウンディーネ,モンスター,水の中をユラユラ漂う妖精。水龍を召喚できるらしい。,水属性,水族,,3,1100,700,N
エンシェント・エルフ,エンシェント・エルフ,モンスター,何千年も生きているエルフ。精霊をあやつり攻撃をする。,光属性,魔法使い族,,4,1450,1200,N
美しき魔物使い,うつくしきまものつかい,モンスター,珍しい女性の魔物使い。ムチを手にすると、性格が変わる。,地属性,戦士族,,5,1750,1500,N
ウォーター・ガール,ウォーター・ガール,モンスター,水を氷の矢のようにして攻撃してくるきれいなお姉さん。,水属性,水族,,4,1250,1000,N
ホワイト・ドルフィン,ホワイト・ドルフィン,モンスター,頭にツノを持つまっしろなイルカ。大波をおこして攻撃する。,水属性,魚族,,2,500,400,N
深海に潜むサメ,しんかいにひそむサメ,融合,神魚＋舌魚,水属性,魚族,,5,1900,1600,N
神魚,しんぎょ,モンスター,水中を優雅に泳ぐ魚の神様。怒らせると危険。,水属性,魚族,,5,1650,1700,N
レインボー・フィッシュ,レインボー・フィッシュ,モンスター,世にも珍しい七色の魚。捕まえるのはかなり難しい。,水属性,魚族,,4,1800,800,N
サイボーグ・バス,サイボーグ・バス,モンスター,背中に付いている砲台から、閃光のプラズマキャノンを打ち出す。,水属性,機械族,,5,1800,1500,N
アクア・ドラゴン,アクア・ドラゴン,融合,「フェアリー・ドラゴン」＋「海原の女戦士」＋「ゾーン・イーター」,水属性,海竜族,,6,2250,1900,N
海の竜王,シー・キング・ドラゴン,モンスター,海の王様。かたい甲羅を持ち、口からアワをはいて攻撃する。,水属性,海竜族,,6,2000,1700,N
ツルプルン,ツルプルン,モンスター,一つ目の奇妙なモンスター。手にするもりで、相手をひと突き。,水属性,水族,,2,450,500,N
海を守る戦士,うみをまもるせんし,モンスター,海を汚す奴等を徹底的に攻撃する、マーマン戦士。,水属性,水族,,4,1300,1000,N
アクア・スネーク,アクア・スネーク,モンスター,尾の先についている玉で催眠術をかけ、相手をおぼれさせる。,水属性,水族,,3,1050,900,N
シーザリオン,シーザリオン,モンスター,海中に住むヘビのモンスター。近づくものに噛みついてくる。,水属性,水族,,4,1800,800,N
スパイクシードラ,スパイクシードラ,モンスター,体のトゲを相手に突き刺し、電流を流して攻撃する。,水属性,海竜族,,5,1600,1300,N
３万年の白亀,３まんねんのしろカメ,モンスター,3万年も生きつづけている巨大カメ。守備力が高い。,水属性,水族,,5,1250,2100,N
復讐のカッパ,ふくしゅうのカッパ,モンスター,仲間を殺され、復讐のために心を悪に売ってしまったカッパ。,水属性,水族,,3,1200,900,N
カニカブト,カニカブト,モンスター,カニのモンスター。両手の大きなハサミで相手を切り刻む。,水属性,水族,,3,650,900,N
ザリガン,ザリガン,モンスター,ザリガニが進化したモンスター。大きなハサミで相手の首を狙う。,水属性,水族,,2,600,700,N
千年ゴーレム,せんねんゴーレム,モンスター,千年もの間、財宝を守りつづけてきたゴーレム。,地属性,岩石族,,6,2000,2200,N
破壊のゴーレム,はかいのゴーレム,モンスター,大きな右手が特徴のゴーレム。右手で押しつぶして攻撃する。,地属性,岩石族,,4,1500,1000,N
ガンロック,ガンロック,モンスター,両肩についているマシンガンを乱射しながら体当たりをする。,地属性,岩石族,,4,1000,1300,N
岩の戦士,いわのせんし,モンスター,非常に重たい岩石の剣を振り回す、岩石の戦士。,地属性,岩石族,,4,1300,1200,N
ストーン・ゴースト,ストーン・ゴースト,モンスター,怒らせると、おつむが大噴火。岩がゴロゴロ降ってくるぞ。,地属性,岩石族,,4,1200,1000,N
雷神の怒り,らいじんのいかり,融合,「エンゼル・イヤーズ」＋「メガ・サンダーボール」,風属性,雷族,,5,1900,1400,N
地雷獣,じらいじゅう,モンスター,強力な電磁波をバリバリとまわりに放出して攻撃する。,地属性,雷族,,4,1200,1300,N
ボルト・エスカルゴ,ボルト・エスカルゴ,モンスター,ネバネバの液をはきかけ、動けなくなったところに電撃アタック!,水属性,雷族,,5,1400,1500,N
ボルト・ペンギン,ボルト・ペンギン,モンスター,両腕の電撃ムチで相手をマヒさせ、首を絞めて攻撃する。,水属性,雷族,,3,1100,800,N
雷仙人,かみなりせんにん,モンスター,リバース:3000ライフポイント回復する。このカードがフィールド上から墓地に送られた時、5000ライフポイントを失う。,光属性,雷族,リバース,4,1500,1300,N
ウイング・イーグル,ウイング・イーグル,モンスター,はるか上空から獲物をさがし、狙った獲物は逃さない。,風属性,鳥獣族,,5,1800,1500,N
裁きの鷹,さばきのタカ,融合,冠を戴く蒼き翼＋コケ,風属性,鳥獣族,,6,2100,1800,N
スカイ・ハンター,スカイ・ハンター,モンスター,羽に隠し持っているナイフを空から降らせて攻撃する。,風属性,鳥獣族,,4,1550,1200,N
紅陽鳥,こうようちょう,融合,セイント・バード＋スカイ・ハンター,炎属性,鳥獣族,,6,2300,1800,N
青い忍者,ブルーにんじゃ,モンスター,①:このカードがリバースした場合、フィールドの表側表示の魔法カード1枚またはフィールドにセットされた魔法・罠カード1枚を対象として発動する。その魔法カードを破壊する(そのカードがフィールドにセットされている場合、めくって確認する)。,地属性,戦士族,リバース,1,300,300,R
マジカル・ゴースト,マジカル・ゴースト,モンスター,相手に魔法をかけて、恐怖と混乱におとしいれ攻撃する。,闇属性,アンデット族,,4,1300,1400,N
ソウル・ハンター,ソウル・ハンター,融合,ランプの魔人＋異次元からの侵略者,闇属性,悪魔族,,6,2200,1800,N
エア・イーター,エア・イーター,モンスター,周囲の空気を食べてしまい、相手を窒息させるモンスター。,風属性,悪魔族,,6,2100,1600,N
朱雀,すざく,融合,「赤き剣のライムンドス」＋「炎の魔神」,炎属性,炎族,,5,1900,1500,N
シーカーメン,シーカーメン,モンスター,鋭いかぎづめで相手を切り裂く、残忍なモンスター。,水属性,水族,,4,1100,1300,N
ガニグモ,ガニグモ,モンスター,はさみを持つクモ。相手を糸で動きを封じ、カニばさみでしとめる。,地属性,昆虫族,,2,600,800,N
インセクション,インセクション,モンスター,頭のノコギリの他に、腕もノコギリになっているクワガタ。,地属性,昆虫族,,3,950,700,N
空の昆虫兵,そらのこんちゅうへい,モンスター,風属性のモンスターを攻撃する場合、ダメージステップの間このカードの攻撃力は1000ポイントアップする。,風属性,昆虫族,,3,1000,800,N
コカローチ・ナイト,コカローチ・ナイト,モンスター,このカードが墓地へ送られた時、このカードはデッキの一番上に戻る。,地属性,昆虫族,,3,800,900,R
クワガタ・アルファ,クワガタ・アルファ,モンスター,凶暴なクワガタ。相手の首を狙うギロチンカッターに注意。,地属性,昆虫族,,4,1250,1000,N
バーグラー,バーグラー,モンスター,ずるがしこいネズミ。左手の大きなかぎづめで攻撃してくる。,地属性,獣族,,3,850,800,N
プラグティカル,プラグティカル,融合,トラコドン＋フレイム・ヴァイパー,地属性,恐竜族,,5,1900,1500,N
ガルヴァス,ガルヴァス,モンスター,ライオンに羽の生えた、獣のような姿をした悪の化身。,地属性,獣族,,6,2000,1700,N
コロガーシ,コロガーシ,モンスター,自分の体の何倍も大きなフンを転がし、相手を押しつぶす。,地属性,昆虫族,,2,550,400,N
ブークー,ブークー,モンスター,本の姿をした魔法使い。ありとあらゆる魔法が書かれている。,闇属性,魔法使い族,,2,650,500,N
フラワー・ウルフ,フラワー・ウルフ,融合,シルバー・フォング＋魔界のイバラ,地属性,獣族,,5,1800,1400,R
レインボー・フラワー,レインボー・フラワー,モンスター,このカードは相手プレイヤーを直接攻撃する事ができる。,地属性,植物族,,2,400,500,N
マグナム・リリィ,マグナム・リリィ,モンスター,いわゆるてっぽうユリ。花粉の弾を飛ばし相手を攻撃する。,地属性,植物族,,3,1100,600,N
ニードル・ボール,ニードル・ボール,モンスター,リバース:2000ライフポイントを払えば、相手ライフに1000ポイントダメージを与える事ができる。,闇属性,悪魔族,リバース,2,750,700,N
スーパースター,スーパースター,モンスター,①:フィールドの光属性モンスターの攻撃力は500アップし、闇属性モンスターの攻撃力は400ダウンする。,光属性,天使族,,2,500,700,N
レインボー・マリン・マーメイド,レインボー・マリン・マーメイド,モンスター,空に大きな虹の橋がかかると現れる、珍しいマーメイド。,水属性,魚族,,5,1550,1700,N
音楽家の帝王,ミュージシャン・キング,融合,「黒き森のウィッチ」＋「ハイ・プリーステス」,光属性,魔法使い族,,5,1750,1500,N
ウィルミー,ウィルミー,モンスター,かなり凶暴なウサギ。鋭いかぎづめで、相手を血祭りにあげる。,地属性,獣族,,4,1000,1200,N
ヤドカリュー,ヤドカリュー,モンスター,このカードの表示形式が攻撃表示から表側守備表示に変わった時、自分の手札からカードを任意の枚数デッキの一番下に戻す事ができる。,水属性,水族,,4,900,1700,N
モリンフェン,モリンフェン,モンスター,長い腕とかぎづめが特徴の奇妙な姿をした悪魔。,闇属性,悪魔族,,5,1550,1300,N
青虫,キャタピラー,モンスター,糸をはき攻撃する。どんなムシに成長するか分からない。,地属性,昆虫族,,1,250,300,N
竜殺者,ドラゴン・キラー,モンスター,このカードがフィールド上に召喚・反転召喚された時、表側表示のドラゴン族モンスター1体を破壊する。,闇属性,悪魔族,,6,2000,2100,N
人喰い虫,ひとくいムシ,モンスター,①:このカードがリバースした場合、フィールドのモンスター1体を対象として発動する。そのモンスターを破壊する。,地属性,昆虫族,リバース,2,450,600,R
ドラゴヒューマン,ドラゴヒューマン,モンスター,ドラゴンのキバで作った剣を振るう、ドラゴンの力を持つ戦士。,地属性,戦士族,,4,1300,1100,N
タートル・狸,タートル・たぬき,モンスター,カメの甲羅を背負ったタヌキ。相手を化かして攻撃する。,水属性,水族,,3,700,900,N
魔界植物,まかいしょくぶつ,モンスター,表面から強力な酸を出して、近づく者を溶かしてしまう。,闇属性,悪魔族,,1,400,300,N
プリズマン,プリズマン,モンスター,透き通った水晶の塊。光を集めてレーザーを放つ。,光属性,岩石族,,3,800,1000,N
ゲール・ドグラ,ゲール・ドグラ,モンスター,①:3000LPを払って発動できる。自分のEXデッキからモンスター1体を墓地へ送る。,地属性,昆虫族,,2,650,600,SR
クレイジー・フィッシュ,クレイジー・フィッシュ,モンスター,鋭くとがっている頭の先を突き出して、攻撃してくるトビウオ。,水属性,魚族,,4,1600,1200,N
メカ・ザウルス,メカ・ザウルス,融合,「ミスター・ボンバー」＋「二頭を持つキング・レックス」,地属性,機械族,,5,1800,1400,N
ブラキオレイドス,ブラキオレイドス,融合,二頭を持つキング・レックス＋屍を貪る竜,水属性,恐竜族,,6,2200,2000,N
笑う花,わらうハナ,モンスター,いつも笑っている花。笑い声を聞きつづけると、頭が混乱する。,地属性,植物族,,2,900,500,N
ビーン・ソルジャー,ビーン・ソルジャー,モンスター,剣やマメを使って攻撃してくる植物戦士。意外と強いぞ。,地属性,植物族,,4,1400,1300,N
キャノン・ソルジャー,キャノン・ソルジャー,モンスター,自分フィールド上に存在するモンスター1体をリリースする事で、相手ライフに500ポイントダメージを与える。,闇属性,機械族,,4,1400,1300,SR
ブレイブ・シザー,ブレイブ・シザー,モンスター,何本も持っているハサミを器用に動かし、相手を切り刻む。,闇属性,機械族,,4,1300,1000,N
イースター島のモアイ,イースターとうのモアイ,モンスター,イースター島に存在する石像。口から丸いレーザーをはく。,地属性,岩石族,,4,1100,1400,N
ムカムカ,ムカムカ,モンスター,このカードの攻撃力・守備力は、自分の手札の枚数×300ポイントアップする。,地属性,岩石族,,2,600,300,R
サンド・ストーン,サンド・ストーン,モンスター,地下から突然目の前に現れ、触手で攻撃してくる。,地属性,岩石族,,5,1300,1600,N
岩石カメッター,がんせきカメッター,モンスター,全身が岩石でできているカメ。非常に高い守備が特徴。,水属性,水族,,6,1450,2200,N
タートル・バード,タートル・バード,モンスター,主に水中に生息しているが、空を飛ぶこともできる珍しいカメ。,水属性,水族,,6,1900,1700,N
デス・バード,デス・バード,融合,タクヒ＋髑髏の寺院,風属性,鳥獣族,,6,1900,1700,N
巨大な怪鳥,きょだいなかいちょう,モンスター,あまり見かけない、とても大きなトリ。空から急降下して襲いかかる。,風属性,鳥獣族,,6,2000,1900,N
悪魔の調理師,デビル・コック,モンスター,このカードが相手ライフに戦闘ダメージを与えた時、相手はデッキからカードを2枚ドローする。,闇属性,悪魔族,,4,1800,1000,N
スター・ボーイ,スター・ボーイ,モンスター,このカードがフィールド上に表側表示で存在する限り、フィールド上に表側表示で存在する水属性モンスターの攻撃力は500ポイントアップし、炎属性モンスターの攻撃力は400ポイントダウンする。,水属性,水族,,2,550,500,N
山の精霊,やまのせいれい,モンスター,手にする笛の音を聞いた者は、力が抜けてしまうと言われている。,地属性,魔法使い族,,5,1300,1800,N
首狩り魔人,ネック・ハンター,モンスター,大きなカマを振り回しクビを狩る悪魔。大きな目からビームも出す。,闇属性,悪魔族,,6,1750,1900,N
ミリス・レディエント,ミリス・レディエント,モンスター,このカードがフィールド上に表側表示で存在する限り、フィールド上に表側表示で存在する地属性モンスターの攻撃力は500ポイントアップし、風属性モンスターの攻撃力は400ポイントダウンする。,地属性,獣族,,1,300,250,N
クラッシュマン,クラッシュマン,モンスター,意外に素早く動き回り、丸まって体当たりをしてくる。,地属性,獣族,,5,1600,1800,N
フレイム・ケルベロス,フレイム・ケルベロス,モンスター,全身が炎に包まれた魔獣。相手を地獄の炎で処刑する。,炎属性,炎族,,6,2100,1800,N
エルディーン,エルディーン,モンスター,手にする杖を使い、様々な魔法で攻撃してくる。,光属性,魔法使い族,,3,950,1000,N
砂の魔女,サンド・ウィッチ,融合,岩石の巨兵＋エンシェント・エルフ,地属性,岩石族,,6,2100,1700,N
ヂェミナイ・エルフ,ヂェミナイ・エルフ,モンスター,交互に攻撃を仕掛けてくる、エルフの双子姉妹。,地属性,魔法使い族,,4,1900,900,SR
クワガー・ヘラクレス,クワガー・ヘラクレス,融合,「クワガタ・アルファ」＋「ヘラクレス・ビートル」,地属性,昆虫族,,6,1900,1700,R
カマキラー,カマキラー,モンスター,二本のカマで相手に襲いかかる、人型のカマキリモンスター。,地属性,昆虫族,,4,1150,1400,N
メカレオン,メカレオン,モンスター,身体の色を変化させ、どんな場所にでも隠れることができる。,水属性,爬虫類族,,2,800,600,N
メガ・サンダーボール,メガ・サンダーボール,モンスター,地面を転がり回り、周囲に電撃を放つボール。,風属性,雷族,,2,750,600,N
コケ,コケ,モンスター,相手を丸飲みにして、自分のエネルギーとして取り込んでしまう。,地属性,鳥獣族,,3,900,800,N
デッド・シャーク,デッド・シャーク,モンスター,海をさまようアンデットのサメ。出会った者に死の呪いをかける。,闇属性,アンデット族,,3,1100,700,N
スケルエンジェル,スケルエンジェル,モンスター,①:このカードがリバースした場合に発動する。自分はデッキから1枚ドローする。,光属性,天使族,リバース,2,900,400,R
ハネハネ,ハネハネ,モンスター,①:このカードがリバースした場合、フィールドのモンスター1体を対象として発動する。そのモンスターを持ち主の手札に戻す。,地属性,獣族,リバース,2,450,500,R
ナイル,ナイル,モンスター,全身にハリが生えている魚。腹の下からミサイルを発射。,水属性,魚族,,5,1400,1600,N
舌魚,たんぎょ,モンスター,他の魚を長い舌で捕まえ、エネルギーを吸収する。,水属性,魚族,,4,1350,800,N
大砲だるま,たいほうだるま,モンスター,大砲で埋め尽くされているメカだるま。ねらいは外さない。,闇属性,機械族,,2,900,500,N
スケルゴン,スケルゴン,融合,メデューサの亡霊＋暗黒の竜王,闇属性,アンデット族,,6,1700,1900,N
魚ギョ戦士,ギョギョせんし,モンスター,魚に手足が生えた魚人獣。鋭い歯でかみついてくる。,水属性,魚族,,4,1250,900,N
骨ネズミ,ホネネズミ,モンスター,ネコにやられた恨みをはらすため、アンデットとして蘇ったネズミ。,闇属性,アンデット族,,1,400,300,N
カエルスライム,カエルスライム,モンスター,カエルの頭の形をしたスライム。ゲコゲコひどい歌を聴かせて攻撃。,水属性,水族,,2,700,500,N
ベヒゴン,ベヒゴン,モンスター,かなり変わった海ヘビ。大きな口と大きなキバが特徴。,水属性,水族,,4,1350,1000,N
ダーク・エルフ,ダーク・エルフ,モンスター,このカードは1000ライフポイント払わなければ攻撃できない。,闇属性,魔法使い族,,4,2000,800,N
ワイバーン,ワイバーン,モンスター,羽をはばたかせて強力な竜巻をおこす。,風属性,鳥獣族,,4,1200,1000,N
マタンゴ,マタンゴ,モンスター,自分のスタンバイフェイズ毎に、コントローラーに300ポイントダメージを与える。自分のエンドフェイズに500ライフポイントを払えば、このカードのコントロールは相手に移る。,地属性,戦士族,,3,1250,800,N
バーバリアン１号,バーバリアン１ごう,モンスター,①:自分フィールドの「バーバリアン２号」1体につき、このカードの攻撃力は500アップする。,地属性,戦士族,,5,1550,1800,N
さまよえる亡者,さまよえるもうじゃ,モンスター,成仏できず、行くあてもなくフラフラとしているモンスター。,闇属性,アンデット族,,2,800,600,N
鋼鉄の巨神像,こうてつのきょしんぞう,モンスター,機械の国にまつられているという、鋼鉄の巨神像。,地属性,機械族,,5,1400,1800,N
ポット・ザ・トリック,ポット・ザ・トリック,モンスター,魔術師の命令通りに動く使い魔。あまり強くない。,地属性,岩石族,,2,400,400,N
オシロ・ヒーロー,オシロ・ヒーロー,モンスター,異次元の世界からやってきた、なんだかよく分からない戦士。,地属性,戦士族,,3,1250,700,N
異次元からの侵略者,いじげんからのしんりゃくしゃ,モンスター,銀河系の外から地球にやってきた宇宙人。,闇属性,悪魔族,,4,950,1400,N
レッサー・ドラゴン,レッサー・ドラゴン,モンスター,あまり強くなく、ブレス攻撃もやらない低級のドラゴン。,風属性,ドラゴン族,,4,1200,1000,N
ニードルワーム,ニードルワーム,モンスター,リバース:相手のデッキの上からカードを5枚墓地へ捨てる。,地属性,昆虫族,リバース,2,750,600,SR
屋根裏の物の怪,やねうらのもののけ,モンスター,どの家の屋根裏にも潜んでいるもののけ。特にわるさはしない。,闇属性,悪魔族,,2,550,400,N
金色の魔象,きんいろのまぞう,融合,メデューサの亡霊＋ドラゴン・ゾンビ,闇属性,アンデット族,,6,2200,1800,N
黒き人食い鮫,くろきひとくいザメ,融合,「シーカーメン」＋「キラー・ブロッブ」＋「海原の女戦士」,水属性,魚族,,5,2100,1300,N
ヨルムンガルド,ヨルムンガルド,モンスター,神話の世界に出てくるヘビ。非常に長い。,地属性,爬虫類族,,3,1200,900,N
魔界のイバラ,まかいのイバラ,モンスター,魔界に生息するイバラ。無理に通ろうとする者にからみつく。,地属性,植物族,,3,1200,900,N
恐竜人,きょうりゅうじん,モンスター,人型の恐竜。高い知能を持つが、あまり強くはない。,地属性,恐竜族,,3,1000,850,N
生き血をすするもの,いきちをすするもの,モンスター,暗闇の中、道行く人々を襲う人型の吸血ヘビ。,地属性,爬虫類族,,3,900,800,N
トラコドン,トラコドン,モンスター,トラ柄の恐竜。荒野を駆け抜けるスピードはかなり速い。,地属性,恐竜族,,3,1300,800,N
密林の黒竜王,みつりんのこくりゅうおう,モンスター,密林に生息する、漆黒のドラゴン。バリバリと木を食べる。,地属性,ドラゴン族,,6,2100,1800,N
裁きを下す女帝,さばきをくだすじょてい,融合,女王の影武者＋響女,地属性,戦士族,,6,2100,1700,N
ベビー・ティーレックス,ベビー・ティーレックス,モンスター,ティラノサウルスの子供。非常に凶暴な性格をしている。,地属性,恐竜族,,3,1100,700,N
黒き森のウィッチ,くろきもりのウィッチ,モンスター,このカード名の効果は1ターンに1度しか使用できない。①:このカードがフィールドから墓地へ送られた場合に発動する。デッキから守備力1500以下のモンスター1体を手札に加える。このターン、自分はこの効果で手札に加えたカード及びその同名カードの効果を発動できない。,闇属性,魔法使い族,,4,1100,1200,SR
ツンドラの大蠍,ツンドラのおおサソリ,モンスター,砂漠ではなく、ツンドラに分布する珍しい真っ青なサソリ。,地属性,昆虫族,,3,1100,1000,N
カラス天狗,カラスてんぐ,モンスター,様々なことを知っている天狗。神通力が使えるという。,風属性,鳥獣族,,5,1850,1600,N
レオ・ウィザード,レオ・ウィザード,モンスター,黒いマントをはおった魔術師。正体は言葉を話すシシ。,地属性,魔法使い族,,5,1350,1200,N
深淵に咲く花,しんえんにさくはな,モンスター,光の届かない深淵にひっそりと咲く、あまり見かけない花。,地属性,植物族,,2,750,400,N
パトロール・ロボ,パトロール・ロボ,モンスター,このカードがフィールド上に表側表示で存在する限り、自分のスタンバイフェイズ時に相手フィールド上にセットされたカード1枚を確認する事ができる。,地属性,機械族,,3,1100,900,N
タクヒ,タクヒ,モンスター,このトリが現れた時は、何か不吉な事が起こる前ぶれ。,風属性,鳥獣族,,4,1450,1000,N
封印の鎖,ふういんのくさり,モンスター,相手をギリギリと締め上げて、封印を施す力を持つ。,光属性,天使族,,3,1000,1100,N
ドッペルゲンガー,ドッペルゲンガー,モンスター,リバース:フィールド上にセットされた魔法・罠カード2枚を選択して破壊する。,闇属性,戦士族,リバース,3,650,900,R
モン・ラーバス,モン・ラーバス,モンスター,ラーバスがより進化したけもの。力がパワーアップしている。,地属性,獣族,,4,1300,1400,N
命ある花瓶,いのちあるかびん,モンスター,生けてある花から、花粉を飛ばし噛みついてくる生きている花瓶。,地属性,植物族,,3,900,1100,N
テンタクル・プラント,テンタクル・プラント,モンスター,近くに動く者がいると、青いつるを伸ばして攻撃してくる。,水属性,植物族,,2,500,600,N
くちばしヘビ,くちばしヘビ,モンスター,相手を長い体で締め上げ、大きなくちばしでつついて攻撃。,地属性,爬虫類族,,3,800,900,N
メタモルポット,メタモルポット,モンスター,①:このカードがリバースした場合に発動する。手札があるプレイヤーは、その手札を全て捨てる。お互いにデッキから5枚ドローする。,地属性,岩石族,リバース,2,700,600,UR
ミューズの天使,ミューズのてんし,モンスター,芸術家の天使。特にハープの演奏は、右に出る者はいない。,光属性,天使族,,3,850,900,N
バラに棲む悪霊,バラにすむあくりょう,融合,グレムリン＋スネーク・パーム,闇属性,植物族,,6,2000,1800,N
アブソリューター,アブソリューター,モンスター,相手を鏡の中の世界に吸い込むことができる。,風属性,鳥獣族,,4,1300,1400,N
大食いグール,おおぐいグール,モンスター,どんなに食べても、おなかがいっぱいになることは無いというモンスター。,闇属性,アンデット族,,4,1600,1200,N
ペイルビースト,ペイルビースト,モンスター,青白い肌をした、気味の悪い正体不明のモンスター。,地属性,獣族,,4,1500,1200,N
リトル・キメラ,リトル・キメラ,モンスター,このカードがフィールド上に表側表示で存在する限り、フィールド上の炎属性モンスターの攻撃力は500ポイントアップし、水属性モンスターの攻撃力は400ポイントダウンする。,炎属性,獣族,,2,600,550,N
スコール,スコール,モンスター,バケツをひっくり返したような大雨を、突然降らすモンスター。,水属性,水族,,4,1550,800,N
ロックメイス,ロックメイス,モンスター,心の良い部分を封印して、相手を悪魔の手先にしてしまう。,闇属性,悪魔族,,4,1050,1200,N
テンダネス,テンダネス,モンスター,恋人たちの永遠を祝福する、かわいらしい天使。,光属性,天使族,,3,700,1400,N
ペンギン・ソルジャー,ペンギン・ソルジャー,モンスター,①:このカードがリバースした場合、フィールドのモンスターを2体まで対象として発動できる。そのモンスターを持ち主の手札に戻す。,水属性,水族,リバース,2,750,500,N
フェアリー・ドラゴン,フェアリー・ドラゴン,モンスター,妖精の中では意外と強い、とてもきれいなドラゴンの妖精。,風属性,ドラゴン族,,4,1100,1200,N
イビル・ラット,イビル・ラット,モンスター,どんな物にでもかじりつく、行儀の悪い野ネズミ。,地属性,獣族,,3,750,800,N
グレード・ビル,グレード・ビル,モンスター,どんなものでも丸飲みできる大きな口を持っている。,地属性,獣族,,4,1250,1300,N
フレンドシップ,フレンドシップ,モンスター,デュエル中ケンカをしても、友情を伝え仲直りをさせる。,光属性,天使族,,4,1300,1100,N
ブレードフライ,ブレードフライ,モンスター,このカードがフィールド上に表側表示で存在する限り、フィールド上に表側表示で存在する風属性モンスターの攻撃力は500ポイントアップし、地属性モンスターの攻撃力は400ポイントダウンする。,風属性,昆虫族,,2,600,700,N
でんきトカゲ,でんきトカゲ,モンスター,アンデット族以外のモンスターがこのカードを攻撃した場合、そのモンスターは次のターン攻撃宣言をする事ができない。,地属性,雷族,,3,850,800,N
ハイ・プリーステス,ハイ・プリーステス,モンスター,聞いたことのない呪文を唱え、あらぶる心をしずめてくれる。,光属性,魔法使い族,,3,1100,800,N
双頭の雷龍,そうとうのサンダー・ドラゴン,融合,「サンダー・ドラゴン」＋「サンダー・ドラゴン」,光属性,雷族,,7,2800,2100,N
ハンター・スパイダー,ハンター・スパイダー,モンスター,クモの巣の罠を仕掛け狩りをする。罠にかかったものは食べてしまう。,地属性,昆虫族,,5,1600,1400,N
アーマード・スターフィッシュ,アーマード・スターフィッシュ,モンスター,表面がかたく守備力が比較的高い、青っぽいヒトデ。,水属性,水族,,4,850,1400,N
勇気の砂時計,ゆうきのすなどけい,モンスター,このカードが召喚・反転召喚に成功した時、このカードの元々の攻撃力・守備力は次の自分のターンのエンドフェイズ時まで半分になる。その後、このカードの元々の攻撃力・守備力は倍になる。,光属性,天使族,,4,1100,1200,N
マリン・ビースト,マリン・ビースト,融合,水の魔導師＋ベヒゴン,水属性,魚族,,5,1700,1600,N
戦場の死装束,せんじょうのしにしょうぞく,融合,音女＋斬首の美女,地属性,戦士族,,6,1900,1700,R
岩石の精霊,がんせきのせいれい,モンスター,はにわみたいだが岩石の精霊。攻撃・守備ともにかなり強い。,地属性,魔法使い族,,5,1650,1900,N
スネーク・パーム,スネーク・パーム,モンスター,多くのヘビが集まり擬態している。近づくとバラバラになり襲いかかる。,地属性,植物族,,4,1000,1200,N
サキュバス・ナイト,サキュバス・ナイト,モンスター,魔法を唱え、相手を血祭りにあげる悪魔の魔法戦士。,闇属性,戦士族,,5,1650,1300,N
セイレーン,セイレーン,モンスター,風を操り突風をまきおこし、ありとあらゆる物を吹き飛ばす。,光属性,魔法使い族,,5,1600,1500,N
泥に潜み棲むもの,どろにひそみすむもの,モンスター,足下がドロドロと溶けだしたら、こいつが現れる前兆だ。,地属性,岩石族,,4,1200,1300,N
泉の妖精,いずみのようせい,モンスター,泉を守る妖精。泉を汚す者を容赦なく攻撃。,水属性,水族,,4,1600,1100,N
海原の女戦士,うなばらのおんなせんし,モンスター,海の神に仕えるマーメイド。神聖な領域を守っている。,水属性,魚族,,4,1300,1400,N
キャット・レディ,キャット・レディ,モンスター,素早い動きで攻撃をかわし、鋭いかぎづめで襲いかかる。,地属性,獣戦士族,,6,1900,2000,N
見習い魔女,みならいまじょ,モンスター,①:フィールドの闇属性モンスターの攻撃力は500アップし、光属性モンスターの攻撃力は400ダウンする。,闇属性,魔法使い族,,2,550,500,N
鎧ネズミ,よろいネズミ,モンスター,鎧のようにかたい毛で体を守ることができるネズミ。,地属性,獣族,,3,950,1100,N
古代のトカゲ戦士,こだいのトカゲせんし,モンスター,太古の、昔の姿そのままのトカゲの戦士。意外に強いぞ。,地属性,爬虫類族,,4,1400,1100,N
月明かりの乙女,つきあかりのおとめ,モンスター,月に守護されている月の魔導士。神秘的な魔法で幻想を見せる。,光属性,魔法使い族,,4,1500,1300,N
誕生の天使,たんじょうのてんし,モンスター,女性のおなかに命が宿った事を知らせてくれると言われている。,光属性,天使族,,5,1400,1700,N
ナイト・リザード,ナイト・リザード,モンスター,海を守る、緑のウロコに身を包むリザードマンの戦士。,水属性,水族,,4,1150,1300,N
女王の影武者,じょおうのかげむしゃ,モンスター,このカードは相手プレイヤーを直接攻撃する事ができる。,地属性,戦士族,,1,350,300,N
冠を戴く蒼き翼,かんむりをいただくあおきつばさ,モンスター,頭の毛が冠のように見える、青白く燃えるトリ。,風属性,鳥獣族,,4,1600,1200,N
トレント,トレント,モンスター,まだまだ成長し続けている森の大木。森の守り神。,地属性,植物族,,5,1500,1800,N
紅葉の女王,こうようのじょおう,モンスター,鮮やかな紅葉に囲まれて暮らす、緑樹の霊王のお妃。,地属性,植物族,,5,1800,1500,N
水陸両用バグロス,すいりくりょうようバグロス,融合,「陸戦型 バグロス」＋「海を守る戦士」,水属性,水族,,5,1850,1300,N
アシッドクロウラー,アシッドクロウラー,モンスター,巨大ないもむし。強力な酸をはき、何でも溶かしてしまう。,地属性,昆虫族,,3,900,700,N
イリュージョン・シープ,イリュージョン・シープ,モンスター,このカードを融合素材モンスター1体の代わりにする事ができる。その際、他の融合素材モンスターは正規のものでなければならない。,地属性,獣族,,3,1150,900,R
ディスク・マジシャン,ディスク・マジシャン,モンスター,自らを円盤の中に封印し、攻撃をするとき実体を出す。,闇属性,機械族,,4,1350,1000,N
フレイム・ヴァイパー,フレイム・ヴァイパー,モンスター,シュルシュルと素早く動き、口から火炎をはくマムシ。,地属性,炎族,,2,400,450,N
ロイヤルガード,ロイヤルガード,モンスター,王族を守るために開発された、意志を持つ機械の兵隊。,地属性,機械族,,6,1900,2200,N
キラー・ブロッブ,キラー・ブロッブ,モンスター,スライムの親分。見た目は同じだが、なめてかかると痛い目にあうぞ。,水属性,水族,,3,1300,700,N
ひょうすべ,ひょうすべ,モンスター,カッパの親分。攻撃力は意外と高い。守備力は低め。,水属性,水族,,4,1500,900,N
マシン・アタッカー,マシン・アタッカー,モンスター,特攻用に作り出した機械。突撃で敵をなぎ倒していく。,地属性,機械族,,5,1600,1300,N
響女,ヒビキメ,モンスター,耳障りな音をガンガン響かせる。相手を行動不能にしてしまう。,地属性,戦士族,,4,1450,1000,N
鎖付きブーメラン,くさりつきブーメラン,通常罠,①:以下の効果から1つ、または両方を選択してこのカードを発動できる。●相手モンスターの攻撃宣言時に、その攻撃モンスター1体を対象として発動できる。その攻撃モンスターを守備表示にする。●自分フィールドの表側表示モンスター1体を対象として発動できる。このカードを攻撃力500アップの装備カード扱いとして、その自分のモンスターに装備する。,,,,,,,R
戦士抹殺,せんしまっさつ,通常魔法,フィールド上に表側表示で存在する戦士族モンスターを全て破壊する。,,,,,,,R
サラマンドラ,サラマンドラ,装備魔法,炎属性モンスターにのみ装備可能。①:装備モンスターの攻撃力は700アップする。,,,,,,,R
メタル化・魔法反射装甲,メタルか・まほうはんしゃそうこう,通常罠,①:フィールドの表側表示モンスター1体を対象としてこのカードを発動できる。このカードを攻撃力・守備力300アップの装備カード扱いとして、そのモンスターに装備する。②:このカードの効果でこのカードを装備したモンスターの攻撃力は、モンスターに攻撃するダメージ計算時のみ、その攻撃対象モンスターの攻撃力の半分アップする。,,,,,,,N
酸の嵐,さんのあらし,通常魔法,フィールド上に表側表示で存在する機械族モンスターを全て破壊する。,,,,,,,R
死のデッキ破壊ウイルス,しのデッキはかいウイルス,通常罠,①:自分フィールドの攻撃力1000以下の闇属性モンスター1体をリリースして発動できる。相手フィールドのモンスター及び相手の手札を全て確認し、その内の攻撃力1500以上のモンスターを全て破壊する。その後、相手はデッキから攻撃力1500以上のモンスターを3体まで選んで破壊できる。このカードの発動後、次のターンの終了時まで相手が受ける全てのダメージは0になる。,,,,,,,R
トゲトゲ神の殺虫剤,トゲトゲしんのさっちゅうざい,通常魔法,フィールド上の昆虫族モンスターは、すべて破壊される。,,,,,,,R
神の息吹,かみのいぶき,通常魔法,フィールド上に表側表示で存在する岩石族モンスターを全て破壊する。,,,,,,,R
永遠の渇水,えいえんのかっすい,通常魔法,フィールド上の魚族モンスターは、すべて破壊される。,,,,,,,R
シャイン・キャッスル,シャイン・キャッスル,装備魔法,光属性モンスターにのみ装備可能。①:装備モンスターの攻撃力は700アップする。,,,,,,,R
カオスの儀式,カオスのぎしき,儀式魔法,「カオス・ソルジャー」の降臨に必要。①:自分の手札・フィールドから、レベルの合計が8以上になるようにモンスターをリリースし、手札から「カオス・ソルジャー」を儀式召喚する。,,,,,,,N
ゼラの儀式,ゼラのぎしき,儀式魔法,「ゼラ」の降臨に必要。場か手札から、星の数が合計8個以上になるようカードを生け贄に捧げなければならない。,,,,,,,R
ハーピィの羽根帚,ハーピィのはねぼうき,通常魔法,①:相手フィールドの魔法・罠カードを全て破壊する。,,,,,,,UR
ライオンの儀式,ライオンのぎしき,儀式魔法,「スーパー・ウォー・ライオン」の降臨に必要。手札・自分フィールド上から、レベルの合計が7以上になるようにモンスターをリリースしなければならない。,,,,,,,R
悪魔鏡の儀式,あくまかがみのぎしき,儀式魔法,「デビルズ・ミラー」の降臨に必要。場か手札から、星の数が合計6個以上になるようカードを生け贄に捧げなければならない。,,,,,,,R
ローの祈り,ローのいのり,儀式魔法,「ローガーディアン」の降臨に必要。場か手札から、星の数が合計7個以上になるようカードを生け贄に捧げなければならない。,,,,,,,R
硫酸のたまった落とし穴,りゅうさんのたまったおとしあな,通常罠,①:フィールドの裏側守備表示モンスター1体を対象として発動できる。そのモンスターを表側守備表示にし、守備力が2000以下の場合は破壊する。守備力が2000より高い場合は裏側守備表示に戻す。,,,,,,,N
あまのじゃくの呪い,あまのじゃくののろい,通常罠,発動ターンのエンドフェイズ時まで、攻撃力・守備力のアップ・ダウンの効果は逆になる。,,,,,,,SR
偽物のわな,にせもののわな,通常罠,自分フィールド上に存在する罠カードを破壊する魔法・罠・効果モンスターの効果を相手が発動した時に発動する事ができる。このカードを代わりに破壊し、他の自分の罠カードは破壊されない。セットされたカードが破壊される場合、そのカードを全てめくって確認する。,,,,,,,R
チャクラの復活,チャクラのふっかつ,儀式魔法,「チャクラ」の降臨に必要。場か手札から、星の数が合計7個以上になるようカードを生け贄に捧げなければならない。,,,,,,,R
ジャベリンビートルの契約,ジャベリンビートルのけいやく,儀式魔法,「ジャベリンビートル」の降臨に必要。場か手札から、星の数が合計8個以上になるようカードを生け贄に捧げなければならない。,,,,,,,R
スカルライダーの復活,スカルライダーのふっかつ,儀式魔法,「スカルライダー」の降臨に必要。場か手札から、星の数が合計6個以上になるようカードを生け贄に捧げなければならない。,,,,,,,R
要塞クジラの誓い,ようさいクジラのちかい,儀式魔法,「要塞クジラ」の降臨に必要。場か手札から、星の数が合計7個以上になるようカードを生け贄に捧げなければならない。,,,,,,,R
千年原人,せんねんげんじん,モンスター,どんな時でも力で押し通す、千年アイテムを持つ原始人。,地属性,獣戦士族,,8,2750,2500,R
ローガーディアン,ローガーディアン,儀式,「ローの祈り」により降臨。場か手札から、星の数が合計7個以上になるようカードを生け贄に捧げなければならない。,光属性,戦士族,,7,2050,2500,R
トライホーン・ドラゴン,トライホーン・ドラゴン,モンスター,頭に生えている3本のツノが特徴的な悪魔竜。,闇属性,ドラゴン族,,8,2850,2350,R
エビルナイト・ドラゴン,エビルナイト・ドラゴン,モンスター,邪悪な騎士の心に宿るドラゴンが実体化したもの。,闇属性,ドラゴン族,,7,2350,2400,R
スカルビショップ,スカルビショップ,融合,悪魔の知恵＋魔天老,闇属性,魔法使い族,,7,2650,2250,N
コスモクイーン,コスモクイーン,モンスター,宇宙に存在する、全ての星を統治しているという女王。,闇属性,魔法使い族,,8,2900,2450,R
チャクラ,チャクラ,儀式,「チャクラの復活」により降臨。場か手札から、星の数が合計7個以上になるようカードを生け贄に捧げなければならない。,闇属性,悪魔族,,7,2450,2000,R
クレセント・ドラゴン,クレセント・ドラゴン,モンスター,月から来たといわれている、三日月状の刀を持つドラゴン戦士。,闇属性,ドラゴン族,,7,2200,2350,R
メテオ・ドラゴン,メテオ・ドラゴン,モンスター,宇宙の果てから地球におちてきた、流星のドラゴン。,地属性,ドラゴン族,,6,1800,2000,R
メテオ・ブラック・ドラゴン,メテオ・ブラック・ドラゴン,融合,「真紅眼の黒竜」＋「メテオ・ドラゴン」,炎属性,ドラゴン族,,8,3500,2000,SR
ファイヤー・ウイング・ペガサス,ファイヤー・ウイング・ペガサス,モンスター,色鮮やかな真紅の翼をはばたかせ、天を駆け抜ける天馬。,炎属性,獣族,,6,2250,1800,R
ジャベリンビートル,ジャベリンビートル,儀式,「ジャベリンビートルの契約」により降臨。場か手札から、星の数が合計8個以上になるようカードを生け贄に捧げなければならない。,地属性,昆虫族,,8,2450,2550,R
要塞クジラ,ようさいクジラ,儀式,「要塞クジラの誓い」により降臨。場か手札から、星の数が合計7個以上になるようカードを生け贄に捧げなければならない。,水属性,魚族,,7,2350,2150,R
スカルライダー,スカルライダー,儀式,「スカルライダーの復活」により降臨。場か手札から、星の数が合計6個以上になるようカードを生け贄に捧げなければならない。,闇属性,アンデット族,,6,1900,1850,R
カオス－黒魔術の儀式,カオス－くろまじゅつのぎしき,儀式魔法,「マジシャン・オブ・ブラックカオス」の降臨に必要。自分の手札・フィールド上から、レベルの合計が8以上になるようにモンスターをリリースしなければならない。,,,,,,,N
マジシャン・オブ・ブラックカオス,マジシャン・オブ・ブラックカオス,儀式,「カオス－黒魔術の儀式」により降臨,闇属性,魔法使い族,,8,2800,2600,N
スフィア・ボム 球体時限爆弾,スフィア・ボム　きゅうたいじげんばくだん,モンスター,①:裏側守備表示のこのカードが相手モンスターに攻撃されたダメージ計算前に発動する。このカードを装備カード扱いとしてその攻撃モンスターに装備する。②:このカードの効果でこのカードを装備した次の相手スタンバイフェイズに発動する。装備モンスターを破壊し、その攻撃力分のダメージを相手に与える。,闇属性,機械族,,4,1400,1400,R
ロード・オブ・ドラゴン－ドラゴンの支配者－,ロード・オブ・ドラゴン－ドラゴンのしはいしゃ－,モンスター,①:このカードがモンスターゾーンに存在する限り、お互いにフィールドのドラゴン族モンスターを効果の対象にできない。,闇属性,魔法使い族,,4,1200,1100,R
レッドアイズ・ブラックメタルドラゴン,レッドアイズ・ブラックメタルドラゴン,モンスター,このカードは通常召喚できない。自分フィールドの、「メタル化・魔法反射装甲」を装備した「真紅眼の黒竜」1体をリリースした場合にデッキから特殊召喚できる。,闇属性,機械族,特殊召喚,8,2800,2400,N
リボルバー・ドラゴン,リボルバー・ドラゴン,モンスター,①:1ターンに1度、相手フィールドのモンスター1体を対象として発動できる。コイントスを3回行い、その内2回以上が表だった場合、そのモンスターを破壊する。,闇属性,機械族,,7,2600,2200,SR
幻獣王ガゼル,げんじゅうおうガゼル,モンスター,走るスピードが速すぎて、姿が幻のように見える獣。,地属性,獣族,,4,1500,1200,N
ワイバーンの戦士,ワイバーンのせんし,モンスター,剣技にすぐれたトカゲ人間。音の速さで剣をふるう。,地属性,獣族,,4,1500,1200,N
ドラゴンを呼ぶ笛,ドラゴンをよぶふえ,通常魔法,①:手札からドラゴン族モンスターを2体まで特殊召喚する。この効果はフィールドに「ロード・オブ・ドラゴン－ドラゴンの支配者－」が存在する場合に発動と処理ができる。,,,,,,,N
右手に盾を左手に剣を,みぎてにたてをひだりてにけんを,通常魔法,このカードの発動時にフィールド上に表側表示で存在する全てのモンスターの元々の攻撃力と元々の守備力を、エンドフェイズ時まで入れ替える。,,,,,,,R
天使の施し,てんしのほどこし,通常魔法,自分のデッキからカードを3枚ドローし、その後手札を2枚選択して捨てる。,,,,,,,UR
地割れ,じわれ,通常魔法,①:相手フィールドの攻撃力が一番低いモンスター1体を破壊する。,,,,,,,R
落とし穴,おとしあな,通常罠,①:相手が攻撃力1000以上のモンスターを召喚・反転召喚した時、そのモンスター1体を対象として発動できる。その攻撃力1000以上のモンスターを破壊する。,,,,,,,N
融合,ゆうごう,通常魔法,①:自分の手札・フィールドのモンスターを融合素材とし、融合モンスター1体を融合召喚する。,,,,,,,N
融合,ゆうごう,通常魔法,①:自分の手札・フィールドのモンスターを融合素材とし、融合モンスター1体を融合召喚する。,,,,,,,N
罠はずし,わなはずし,通常魔法,表側表示でフィールド上に存在する罠カードを1枚選択して破壊する。,,,,,,,N
はさみ撃ち,はさみうち,通常罠,自分フィールド上に存在するモンスター2体と相手フィールド上に存在するモンスター1体を選択して破壊する。,,,,,,,N
ブルー・ポーション,ブルー・ポーション,通常魔法,①:自分は400LP回復する。,,,,,,,N
雷鳴,らいめい,通常魔法,相手ライフに300ポイントダメージを与える。,,,,,,,N
死者蘇生,ししゃそせい,通常魔法,①:自分または相手の墓地のモンスター1体を対象として発動できる。そのモンスターを自分フィールドに特殊召喚する。,,,,,,,UR
魔法除去,まほうじょきょ,通常魔法,①:フィールドの表側表示の魔法カード1枚またはフィールドにセットされた魔法・罠カード1枚を対象として発動できる。その魔法カードを破壊する(そのカードがフィールドにセットされている場合、めくって確認する)。,,,,,,,N
強欲な壺,ごうよくなつぼ,通常魔法,①:自分は2枚ドローする。,,,,,,,UR
墓掘りグール,はかほりグール,通常魔法,相手の墓地から1枚または2枚のモンスターカードを選択する。選択したカードをゲームから除外する。,,,,,,,N
灼熱の槍,しゃくねつのやり,装備魔法,炎属性モンスターにのみ装備可能。装備モンスターの攻撃力は400ポイントアップし、守備力は200ポイントダウンする。,,,,,,,N
突風の扇,とっぷうのおうぎ,装備魔法,風属性モンスターのみ装備可能。装備モンスター1体の攻撃力は400ポイントアップする。守備力は200ポイントダウンする。,,,,,,,N
未熟な密偵,みじゅくなみってい,通常魔法,相手の手札を1枚指定して、見ることができる。,,,,,,,N
援軍,えんぐん,通常罠,①:フィールドの表側表示モンスター1体を対象として発動できる。そのモンスターの攻撃力はターン終了時まで500アップする。,,,,,,,N
城壁,じょうへき,通常罠,フィールド上に表側表示で存在するモンスター1体を選択して発動する。選択したモンスターの守備力はエンドフェイズ時まで500ポイントアップする。,,,,,,,N
血の代償,ちのだいしょう,永続罠,500ライフポイントを払う事で、モンスター1体を通常召喚する。この効果は自分のメインフェイズ時及び相手のバトルフェイズ時にのみ発動できる。,,,,,,,UR
古代の遠眼鏡,こだいのとおめがね,通常魔法,相手のデッキのカードを、上から5枚まで見ることができる。その後カードを元通りにする。,,,,,,,N
ホワイト・ホール,ホワイト・ホール,通常罠,相手が「ブラック・ホール」を発動した時に発動する事ができる。自分フィールド上に存在するモンスターは、その「ブラック・ホール」の効果では破壊されない。,,,,,,,N
墓場からの呼び声,はかばからのよびごえ,通常罠,相手が「死者蘇生」を発動した時に発動する事ができる。その「死者蘇生」の効果を無効にする。,,,,,,,N
避雷針,ひらいしん,通常罠,相手が「サンダー・ボルト」を使用した時、自分モンスターの代わりに相手モンスターを全て破壊する。発動後このカードを破壊する。,,,,,,,N
死者への手向け,ししゃへのたむけ,通常魔法,①:手札を1枚捨て、フィールドのモンスター1体を対象として発動できる。そのモンスターを破壊する。,,,,,,,R
魂の解放,たましいのかいほう,通常魔法,①:自分・相手の墓地のカードを合計5枚まで対象として発動できる。そのカードを除外する。,,,,,,,N
陽気な葬儀屋,ようきなそうぎや,通常魔法,自分の手札から3枚までのモンスターカードを墓地へ捨てる。,,,,,,,N
闇からの呼び声,やみからのよびごえ,永続罠,「死者蘇生」の効果によって特殊召喚したモンスターを全て墓地へ送る。このカードがフィールド上に存在する限り、お互いに「死者蘇生」を使用する事はできない。,,,,,,,N
心変わり,こころがわり,通常魔法,①:相手フィールドのモンスター1体を対象として発動できる。そのモンスターのコントロールをエンドフェイズまで得る。,,,,,,,UR
神の宣告,かみのせんこく,カウンター罠,①:LPを半分払って以下の効果を発動できる。●魔法・罠カードが発動した時に発動できる。その発動を無効にし破壊する。●自分か相手がモンスターを召喚・反転召喚・特殊召喚する際に発動できる。それを無効にし、そのモンスターを破壊する。,,,,,,,UR
マジック・ジャマー,マジック・ジャマー,カウンター罠,①:魔法カードが発動した時、手札を1枚捨てて発動できる。その発動を無効にし破壊する。,,,,,,,R
盗賊の七つ道具,とうぞくのななつどうぐ,カウンター罠,①:罠カードが発動した時、1000LPを払って発動できる。その発動を無効にし破壊する。,,,,,,,R
昇天の角笛,しょうてんのつのぶえ,カウンター罠,自分フィールド上に存在するモンスター1体をリリースして発動する。モンスターの召喚・反転召喚・特殊召喚を無効にし破壊する。,,,,,,,R
自業自得,じごうじとく,通常罠,①:相手フィールドのモンスターの数×500ダメージを相手に与える。,,,,,,,SR
王宮のお触れ,おうきゅうのおふれ,永続罠,①:このカードが魔法&罠ゾーンに存在する限り、このカード以外のフィールドの全ての罠カードの効果は無効化される。,,,,,,,SR
魔女狩り,まじょがり,通常魔法,フィールド上に表側表示で存在する魔法使い族モンスターを全て破壊する。,,,,,,,N
悪魔払い,あくまばらい,通常魔法,フィールド上の悪魔族モンスターを全て破壊する。,,,,,,,N
魔力の棘,まりょくのとげ,永続罠,相手の手札が墓地へ捨てられた時、捨てたカードの数×500ポイントダメージを相手ライフに与える。,,,,,,,R
革命,かくめい,通常魔法,相手の手札の枚数×200ポイントダメージを相手ライフに与える。,,,,,,,R
融合賢者,ゆうごうけんじゃ,通常魔法,自分のデッキから「融合」魔法カード1枚を手札に加える。,,,,,,,N
執念の剣,しゅうねんのつるぎ,装備魔法,装備モンスターの攻撃力・守備力は500ポイントアップする。このカードが墓地へ送られた時、このカードをデッキの一番上に戻す。,,,,,,,N
『攻撃』封じ,『こうげき』ふうじ,通常魔法,相手フィールド上に表側攻撃表示で存在するモンスター1体を選択して表側守備表示にする。,,,,,,,N
薄幸の美少女,はっこうのびしょうじょ,モンスター,このカードが戦闘によって破壊され墓地へ送られた時、このターンのバトルフェイズを終了する。,光属性,魔法使い族,,1,0,100,R
追い剥ぎゴブリン,おいはぎゴブリン,永続罠,自分フィールド上に存在するモンスターが相手ライフに戦闘ダメージを与えた時、相手の手札をランダムに1枚捨てる。,,,,,,,R
細菌感染,さいきんかんせん,装備魔法,機械族以外のモンスターのみ装備可能。装備モンスターの攻撃力は自分のスタンバイフェイズ毎に300ポイントダウンする。,,,,,,,N
しびれ薬,しびれぐすり,装備魔法,機械族以外のモンスターのみ装備可能。装備モンスターは攻撃宣言をする事ができない。,,,,,,,N
厳格な老魔術師,げんかくなろうまじゅつし,モンスター,①:このカードがリバースした場合に発動する。フィールドにセットされたカードを全て確認する。,光属性,魔法使い族,リバース,4,1500,1200,N
幻影の壁,げんえいのかべ,モンスター,このカードを攻撃したモンスターは持ち主の手札に戻る。ダメージ計算は適用する。,闇属性,悪魔族,,4,1000,1850,R
魔法剣士ネオ,まほうけんしネオ,モンスター,武術と剣に優れた風変わりな魔法使い。異空間を旅している。,光属性,魔法使い族,,4,1700,1000,N
邪剣男爵,じゃけんだんしゃく,モンスター,怨念のこもった剣をあやつる貴族。執念深く獲物を追いつめる。,闇属性,悪魔族,,4,1550,800,N
人喰い宝石箱,ひとくいほうせきばこ,モンスター,宝石箱の形をしたモンスター。冒険者をだまして襲いかかる。,闇属性,悪魔族,,4,1600,1000,N
デス・ソーサラー,デス・ソーサラー,モンスター,死の魔法が得意な魔法使い。闇と契約している。,闇属性,魔法使い族,,4,1450,1200,N
遺言状,ゆいごんじょう,通常魔法,このターンに自分フィールド上のモンスターが自分の墓地へ送られた時、デッキから攻撃力1500以下のモンスター1体を特殊召喚する事ができる。,,,,,,,UR
和睦の使者,わぼくのししゃ,通常罠,①:このターン、自分のモンスターは戦闘では破壊されず、自分が受ける戦闘ダメージは0になる。,,,,,,,N
聖なるバリア －ミラーフォース－,せいなるバリア　－ミラーフォース－,通常罠,①:相手モンスターの攻撃宣言時に発動できる。相手フィールドの攻撃表示モンスターを全て破壊する。,,,,,,,SR
磁力の指輪,じりょくのゆびわ,装備魔法,自分フィールド上に存在するモンスターにのみ装備可能。装備モンスターの攻撃力・守備力は500ポイントダウンする。相手はこのカードの装備モンスターしか攻撃する事ができない。,,,,,,,SR
痛み分け,いたみわけ,通常魔法,自分フィールド上に存在するモンスター1体をリリースして発動する。相手はモンスター1体をリリースしなければならない。,,,,,,,N
ドーピング,ドーピング,装備魔法,装備モンスターの攻撃力は700ポイントアップする。また、自分のスタンバイフェイズ毎に、装備モンスターの攻撃力は200ポイントダウンする。,,,,,,,N
大嵐,おおあらし,通常魔法,①:フィールドの魔法・罠カードを全て破壊する。,,,,,,,UR
グリフォンの翼,グリフォンのつばさ,通常罠,①:相手が「ハーピィの羽根帚」を発動した時に発動できる。その効果を無効にし、相手フィールドの魔法・罠カードを全て破壊する。,,,,,,,N
カオス・ソルジャー,カオス・ソルジャー,モンスター,B・W・Dと同等の能力を持つ最強の戦士。,地属性,戦士族,,8,3000,2500,
